output_id,n_classes,price,min_acc,max_acc,social_optimum_index,soc_stability,soc_anarchy,soc_optimum, min_tput, max_tput, opt_tput
1650,2,1.9566509190072212,21,21,13,24.62839170084836,24.62839170084836,30.539674052906122, 65.718061, 65.718061, 55.976136
1651,2,0.4484803142720467,30,30,15,37.4247275718386,37.4247275718386,43.31969828591931, 50.879137, 50.879137, 50.046903
1652,3,2.057564159355498,21,21,12,20.299875653534542,20.299875653534542,28.713844087734035, 63.508723, 63.508723, 53.404614
1653,4,1.5550739840104382,24,24,10,11.210466383749477,11.210466383749477,27.46544515989562, 48.532242, 48.532242, 43.016185
1654,2,4.275503359923866,2,2,2,0.5620253801522672,0.5620253801522672,0.5620253801522672, 9.1130321, 9.1130321, 9.1130321
1655,2,2.609895289982842,14,14,9,16.028396940240206,16.028396940240206,19.367104390154424, 52.566931, 52.566931, 42.856162
1656,4,4.026424711140698,10,10,6,6.363246888593018,6.363246888593025,10.37085373315581, 46.627494, 46.627494, 34.529402
1657,3,1.9812793831270485,16,16,9,11.040266869967226,11.040266869967226,16.041616551856563, 42.740737, 42.740737, 33.873131
1658,2,3.267850508319782,10,10,7,8.987379916802183,8.987379916802183,10.244696441761526, 41.665885, 41.665885, 33.11965
1659,3,3.911393253392651,8,8,5,6.2975369728587935,6.2975369728587935,8.546729733036745, 37.588683, 37.588683, 28.103696
1660,2,4.754685367216261,2,2,2,-0.31841463443252316,-0.31841463443252316,-0.31841463443252316, 9.1909561, 9.1909561, 9.1909561
1661,3,4.876923286242719,8,8,5,4.475735710058245,4.475735710058245,6.406608568786407, 43.491122, 43.491122, 30.791225
1663,2,4.787504068583622,4,4,3,2.034400725665513,2.034400725665513,2.2906957942491353, 21.184417, 21.184417, 16.653208
1664,3,3.0016692599152717,9,9,5,6.647080660762555,6.647080660762555,9.696281700423642, 33.662104, 33.662104, 24.704628
1665,4,4.8386555203796195,4,4,4,-4.344715081518478,-4.344715081518478,-4.344715081518478, 15.009907, 15.009907, 15.009907
1666,4,2.989697273935819,12,12,6,5.4646897127701735,5.4646897127701735,11.502952356385089, 41.341057, 41.341057, 29.441136
1667,2,3.1181516781886307,12,12,9,13.953421861736437,13.953421861736437,15.721582896302332, 51.371242, 51.371242, 43.784948
1668,4,3.0970619510117463,13,13,8,11.155228636847298,11.155228636847298,17.05464639190603, 51.417034, 51.417034, 41.831142
1669,2,0.19510364291162985,30,30,18,53.402061712651104,53.402061712651104,55.282808427590666, 59.255171, 59.255171, 58.794674
1670,4,1.7484275022649876,22,22,10,11.873827950170273,11.873827950170273,25.204100977350127, 50.339233, 50.339233, 42.688376
1671,3,2.198732457646595,15,15,9,16.033458135301075,16.033458135301075,23.77349888118065, 49.014445, 49.014445, 43.562091
1672,4,1.8701769713735494,31,31,15,17.308051887419964,17.308051887419964,35.55856642939676, 75.283538, 75.283538, 63.611221
1673,3,2.2168896165572507,18,18,11,12.54356190196949,12.54356190196949,18.382281217870247, 52.447575, 52.447575, 42.768067
1674,3,2.2134771837625844,16,16,9,12.450966059798652,12.450966059798652,18.173781346136742, 47.866601, 47.866601, 38.095076
1675,2,4.8636722332652145,5,5,3,3.31144683367393,3.31144683367393,3.9376143002043573, 27.629808, 27.629808, 18.528631
1676,3,0.21369300916737777,45,45,24,36.049531587468,36.049531587468,38.65647177998294, 45.665717, 45.665717, 43.785104
1677,4,4.368182873874412,13,13,8,9.465342639632645,9.465342639632652,15.27192100900471, 66.25172, 66.25172, 50.217384
1678,2,2.1899100429304537,12,12,8,18.560937484834554,18.560937484834554,21.130570656556372, 44.839858, 44.839858, 38.649851
1680,2,4.61131463278161,6,6,4,5.6892122033103405,5.6892122033103405,6.79632046887356, 33.3571, 33.3571, 25.241579
1681,3,3.4653605207187783,7,7,5,4.693700354968552,4.693700354968552,5.980194396406109, 28.951224, 28.951224, 23.306997
1682,3,3.381738242037206,9,9,6,7.670342821665145,7.670342821665145,9.875276547776766, 38.105987, 38.105987, 30.165706
1683,3,3.420029133223876,10,10,6,9.237965667761237,9.237965667761245,13.036997200656746, 43.438257, 43.438257, 33.557172
1684,2,4.984494959415041,6,6,4,3.704953243509749,3.704953243509749,4.756316162339836, 33.611923, 33.611923, 24.694296
1685,4,0.3314761566690999,60,60,30,69.627324599854,69.627324599854,77.87353729992704, 89.515894, 89.515894, 87.817822
1686,3,1.0445366271625685,36,36,15,16.930751422147537,16.930751422147537,30.52194359256148, 54.53407, 54.53407, 46.189993
1687,3,0.7267785940693561,34,34,11,12.431188801641891,12.431188801641895,27.18455346523709, 37.141661, 37.141661, 35.179118
1688,4,0.28271792354728154,60,60,18,32.022783587163104,32.022783587163104,43.01283737614894, 48.985859, 48.985859, 48.10176
1689,3,4.4696592751784285,8,8,5,4.173942798572568,4.173942798572575,6.46193462410786, 39.931217, 39.931217, 28.810231
1690,4,2.7303338633072594,16,16,9,10.425732187083852,10.425732187083852,16.483896230234674, 54.111074, 54.111074, 41.056901
1691,2,0.2488563180274761,30,30,24,56.49099345917571,56.49099345917571,57.063908367340574, 63.956683, 63.956683, 63.03646
1692,3,1.287970926866124,26,26,12,16.26724690148078,16.26724690148078,29.94865287760652, 49.754491, 49.754491, 45.404304
1694,4,3.1288855304132697,16,16,9,10.780376513387687,10.780376513387687,17.402797226280576, 60.842545, 60.842545, 45.562767
1695,2,4.131823992886897,5,5,4,2.4771590355655135,2.4771590355655135,2.862889028452411, 23.136279, 23.136279, 19.390185
1696,2,3.7263172776001294,7,7,5,5.873653056799096,5.873653056799096,6.711203611999355, 31.957874, 31.957874, 25.34279
1697,2,4.206942082478671,3,3,2,1.2153477525639875,1.2153477525639875,1.3278361350426593, 13.836174, 13.836174, 9.7417203
1698,4,3.4781664712534943,9,9,5,4.584606758718554,4.584606758718557,6.931661643732528, 35.888105, 35.888105, 24.322494
1699,3,3.8191514749375206,6,6,4,1.5814921503748742,1.5814921503748742,2.773239100249919, 24.496401, 24.496401, 18.049845
1700,2,2.06473979838305,12,12,8,9.907723419403396,9.907723419403396,12.056897612935597, 34.684601, 34.684601, 28.574816
1701,3,3.851890469302224,8,8,5,6.83381724558221,6.83381724558221,9.68263065348888, 37.648941, 37.648941, 28.942083
1702,3,3.66986953511987,7,7,4,3.4600962541609093,3.4600962541609093,4.7741978595205214, 29.149183, 29.149183, 19.453676
1703,4,0.9264778586317518,48,48,18,14.135841785675915,14.135841785675915,34.851268544628475, 58.606779, 58.606779, 51.52787
1704,3,1.745505056806695,27,27,14,16.636876466219235,16.636876466219235,27.198073204706276, 63.765513, 63.765513, 51.635144
1705,3,3.0598646511531657,5,5,3,1.2485017442341704,1.2485017442341722,1.6679750465405028, 16.547825, 16.547825, 10.847569
1706,3,2.132593723438509,23,23,13,14.803368360914291,14.803368360914291,22.786600595299387, 63.853024, 63.853024, 50.510319
1707,3,3.2469128712518214,12,12,8,10.30341454497814,10.30341454497814,14.168478029985426, 49.266369, 49.266369, 40.143781
1708,2,1.8706277481871003,12,12,8,12.487744021754796,12.487744021754796,14.698527014503199, 34.935277, 34.935277, 29.663549
1709,2,1.941669529925718,12,12,8,8.371240640891386,8.371240640891386,10.021122760594256, 31.671275, 31.671275, 25.554479
1710,4,2.262403083384127,21,21,12,11.755239248933329,11.755239248933336,19.520205999390484, 59.265704, 59.265704, 46.669043
1711,2,1.6844752053365437,14,14,9,12.594437125288387,12.594437125288387,15.147672151971108, 36.17709, 36.17709, 30.307949
1712,4,1.4266011796699303,28,28,14,12.434198969241955,12.434198969241955,23.822029484620984, 52.379032, 52.379032, 43.794446
1713,4,4.780847375406793,8,8,5,6.232897996745656,6.232897996745656,8.663691122966037, 44.479677, 44.479677, 32.567928
1714,2,1.4522307591212558,30,30,21,44.87397922636232,44.87397922636232,48.920765058453625, 88.440902, 88.440902, 79.417611
1715,3,0.4380922793281705,45,45,23,47.735724430232324,47.735724430232324,53.905279575452084, 67.449877, 67.449877, 63.981402
1716,4,0.38167782204723,60,60,29,55.150828677166196,55.150828677166196,64.29064316063034, 78.051498, 78.051498, 75.3593
1717,4,4.584526701734944,7,7,4,2.3695130878553883,2.3695130878553883,4.514752193060222, 34.4612, 34.4612, 22.852859
1718,2,2.0732593553014107,16,16,10,18.876710315177426,18.876710315177426,23.384768446985895, 52.04886, 52.04886, 44.117362
1719,4,0.6570643305270762,52,52,14,12.013500812592035,12.013500812592035,35.40204537262093, 46.180846, 46.180846, 44.600946
1720,3,2.869858533060966,17,17,10,17.592463937963586,17.592463937963586,25.22992066939035, 66.380059, 66.380059, 53.928506
1721,4,0.46606203801611124,60,60,15,20.545301719033322,20.545301719033322,40.49271442975834, 48.509024, 48.509024, 47.483645
1722,3,0.8742017329713431,33,33,14,11.949178811945675,11.949178811945675,22.2424067384012, 40.797836, 40.797836, 34.481231
1723,4,1.068060205231538,33,33,12,12.165660227359247,12.165660227359254,29.738327537221547, 47.411647, 47.411647, 42.55505
1724,2,3.4423643227786718,10,10,8,12.181277772213278,12.181277772213278,13.236449417770633, 46.604921, 46.604921, 40.775364
1726,2,0.6353000362015515,30,30,20,30.670548913953457,30.670548913953457,32.90111727596897, 49.72955, 49.72955, 45.607118
1727,3,1.4480957973465303,18,18,10,10.759494647762452,10.759494647762452,16.1784250265347, 36.825219, 36.825219, 30.659383
1728,4,0.40985418357654513,60,60,29,46.2074899854073,46.2074899854073,56.2180416762802, 70.798741, 70.798741, 68.103813
1729,4,3.4011905256080817,14,14,8,8.450989641486856,8.450989641486856,14.053806795135348, 56.067657, 56.067657, 41.263331
1730,4,3.14014643965013,19,19,10,13.547621646647514,13.547621646647528,24.544091603498707, 73.210404, 73.210404, 55.945556
1731,4,4.881318171463454,7,7,4,2.4875327997558188,2.4875327997558188,3.8027443141461816, 36.65676, 36.65676, 23.328017
1732,3,1.0461372540444058,41,41,15,21.26269858417936,21.26269858417936,44.11460318933392, 64.154326, 64.154326, 59.806662
1733,2,0.9795291979489795,30,30,13,27.914306061530613,27.914306061530613,41.62168142666327, 57.300182, 57.300182, 54.355561
1734,3,3.068985685673807,25,25,15,29.57849785815482,29.57849785815482,42.40200871489291, 106.30314, 106.30314, 88.436794
1735,4,2.947158206071902,15,15,8,11.93357390892146,11.933573908921467,21.371350351424788, 56.140947, 56.140947, 44.948616
1736,4,4.951620769783672,4,4,4,-0.7842130791346875,-0.7842130791346875,-0.7842130791346875, 19.02227, 19.02227, 19.02227
1737,4,4.594983077078774,7,7,4,2.6006674604485838,2.6006674604485838,4.379831691684906, 34.765549, 34.765549, 22.759764
1738,3,4.20213064765665,12,12,7,6.304004228120199,6.304004228120199,9.960978466403454, 56.729572, 56.729572, 39.375893
1739,2,1.9429031529963385,30,30,30,81.36028541010984,81.36028541010984,81.36028541010984, 139.64738, 139.64738, 139.64738
1740,3,0.49674882957672917,45,45,15,22.509939669047185,22.509939669047185,36.07271155634906, 44.863637, 44.863637, 43.523944
1741,4,1.8735163495805018,25,25,13,10.978490260487447,10.978490260487455,20.572318455453477, 57.816399, 57.816399, 44.928031
1742,2,4.585077498264715,4,4,3,2.1362300069411404,2.1362300069411404,2.4973035052058536, 20.47654, 20.47654, 16.252536
1743,2,0.9048819206785036,28,28,13,26.0364602210019,26.0364602210019,36.62079003117946, 51.373154, 51.373154, 48.384255
1744,3,4.6710514319979515,5,5,3,1.9156148400102424,1.915614840010246,3.0746477040061464, 25.270872, 25.270872, 17.087802
1745,4,1.2994261841184596,31,31,12,13.199810292327754,13.199810292327754,33.954300790578486, 53.482022, 53.482022, 49.547415
1746,3,4.375829873823345,5,5,3,2.280899630883276,2.280899630883276,3.040905378529967, 24.160049, 24.160049, 16.168395
1747,3,1.342574717098518,32,32,14,20.51805105284742,20.51805105284742,39.34292896062075, 63.480442, 63.480442, 58.138975
1748,4,0.527617939696649,60,60,16,14.067020618201056,14.067020618201056,35.74310496485362, 45.724097, 45.724097, 44.184992
1749,3,2.916349711730578,28,28,16,23.683208071543802,23.683208071543802,34.65292561231075, 105.341, 105.341, 81.314521
1750,4,1.9297990625121946,17,17,9,7.683237937292688,7.683237937292688,13.82905443739025, 40.489822, 40.489822, 31.197246
1751,2,1.6979828542750575,20,20,12,19.655699914498854,19.655699914498854,24.51220874869931, 53.615357, 53.615357, 44.888003
1752,3,2.084282263535723,18,18,10,11.340054256356986,11.340054256356986,17.113799364642773, 48.857135, 48.857135, 37.956622
1753,2,0.8714925145620916,30,30,18,32.47661056313726,32.47661056313726,38.61910373788235, 58.621386, 58.621386, 54.305969
1755,2,0.7683858842396507,30,30,15,25.60009147281048,25.60009147281048,34.142160736405245, 48.651668, 48.651668, 45.667949
1756,2,1.4131246359977978,18,18,10,25.953385552039638,25.953385552039638,34.13962164002202, 51.389629, 51.389629, 48.270868
1757,3,3.9288586786365327,5,5,3,2.2437126068173363,2.2437126068173363,3.074382964090402, 21.888006, 21.888006, 14.860959
1758,2,3.171780112124444,9,9,6,8.065058990880004,8.065058990880004,9.205559327253336, 36.61108, 36.61108, 28.23624
1759,4,3.0943092267830514,27,27,14,23.129360876857604,23.129360876857604,42.00876182503729, 106.67571, 106.67571, 85.329091
1760,3,1.0776557892706013,30,30,13,17.18813532188196,17.18813532188196,31.436156739482186, 49.517809, 49.517809, 45.445682
1761,4,0.34156622276882487,60,60,15,17.48028063387051,17.48028063387051,31.89009065846763, 37.974254, 37.974254, 37.013584
1763,4,0.7610231045827359,44,44,15,11.234083398359616,11.234083398359616,29.974689431258966, 44.7191, 44.7191, 41.390036
1764,3,2.49776505546376,21,21,11,12.720846835261035,12.720846835261035,20.463943389898645, 65.173913, 65.173913, 47.939359
1765,3,1.445245737679251,39,39,16,28.78964223050921,28.78964223050921,54.504640197132, 85.154226, 85.154226, 77.628572
1766,3,2.8162158517139724,9,9,5,4.051308334574248,4.051308334574248,5.756783741430136, 29.397251, 29.397251, 19.837863
1767,3,4.657382167963455,3,3,3,0.7087164961096359,0.7087164961096359,0.7087164961096368, 14.680863, 14.680863, 14.680863
1768,3,0.6095839012661736,45,45,16,14.22680444302219,14.22680444302219,28.267228579741225, 41.65808, 41.65808, 38.020571
1769,3,1.9315448959381254,15,15,8,10.76701956092812,10.76701956092812,18.895774832495, 39.740193, 39.740193, 34.348134
1770,2,2.840266550261679,19,19,13,30.9848915450281,30.9848915450281,36.29512184659817, 84.949956, 84.949956, 73.218587
1771,4,0.6002242833026455,52,52,16,10.815465268262429,10.815465268262429,27.15548646715768, 42.027128, 42.027128, 36.759075
1772,2,4.812495449061259,6,6,4,4.5617203056324485,4.5617203056324485,5.108829203754965, 33.436693, 33.436693, 24.358811
1773,2,0.866994733226672,28,28,13,20.865599469653187,20.865599469653187,28.818180468053267, 45.141452, 45.141452, 40.089112
1774,2,1.753591512381076,16,16,11,18.650382801902786,18.650382801902786,21.645689363808163, 46.707847, 46.707847, 40.935196
1775,3,3.274216460425063,8,8,5,3.142293316599492,3.1422933165994955,5.058841697874685, 29.336025, 29.336025, 21.429924
1776,2,0.2971142565879975,30,30,30,74.97556430236008,74.97556430236008,74.97556430236008, 83.888992, 83.888992, 83.888992
1777,3,4.204446932839362,15,15,10,19.72677900740957,19.72677900740957,25.730709671606377, 82.793483, 82.793483, 67.775179
1778,4,1.7504060940438122,24,24,11,13.655897742948511,13.655897742948511,25.360940965518076, 55.665644, 55.665644, 44.615408
1779,3,0.3857379025026103,45,45,24,31.488967387382534,31.488967387382534,36.252500339937356, 48.847173, 48.847173, 45.51021
1780,2,0.9197434142988109,30,30,14,25.12244357103567,25.12244357103567,35.09937319981665, 52.714746, 52.714746, 47.975781
1781,3,2.901660758860042,18,18,11,19.386096340519245,19.386096340519245,27.00407665253954, 71.61599, 71.61599, 58.922345
1782,4,1.9419306290423677,26,26,13,16.453983644898443,16.453983644898443,33.14889982244923, 66.94418, 66.94418, 58.393998
1783,4,3.3512036537760164,7,7,4,2.445973423567885,2.4459734235678887,4.115941384895933, 25.904399, 25.904399, 17.520756
1784,2,0.9737806980629948,25,25,14,18.473557548425127,18.473557548425127,23.265392227118074, 42.818075, 42.818075, 36.898322
1785,3,2.433047891681737,15,15,9,12.300501624773943,12.300501624773943,17.862014974864366, 48.79622, 48.79622, 39.759446
1786,3,4.4423183030648055,9,9,5,4.7516712724167505,4.7516712724167505,7.11501148467597, 44.732536, 44.732536, 29.326603
1787,4,2.7879974278378765,12,12,6,5.042278865945477,5.042278865945477,11.453682432972741, 38.498248, 38.498248, 28.181667
1788,2,0.1636776592493111,30,30,30,88.57449722252066,88.57449722252066,88.57449722252066, 93.484827, 93.484827, 93.484827
1789,4,4.347125349382042,4,4,4,-0.3217353975281654,-0.3217353975281654,-0.3217353975281654, 17.066766, 17.066766, 17.066766
1791,3,2.133445233897735,30,30,14,29.22743598306795,29.22743598306795,54.454618725431715, 93.230793, 93.230793, 84.322852
1792,3,4.826081569895947,10,10,6,8.237389301040537,8.237389301040537,11.23699358062432, 56.498205, 56.498205, 40.193483
1793,2,3.67746504689924,6,6,5,7.065761718604563,7.065761718604563,7.4346657655038015, 29.130552, 29.130552, 25.821991
1794,3,2.3765215879511157,13,13,8,13.234349356635498,13.234349356635498,19.222021296391077, 44.12913, 44.12913, 38.234194
1795,4,0.9953734317185897,27,27,10,8.237272343598075,8.237272343598079,20.746548682814105, 35.112355, 35.112355, 30.700283
1796,3,1.4504105573457482,17,17,9,8.342458525122275,8.342458525122279,13.16531798388827, 32.999438, 32.999438, 26.219013
1797,3,4.170553009056592,8,8,5,6.1304609275472615,6.1304609275472615,8.394911954717042, 39.494885, 39.494885, 29.247677
1798,2,0.3143686690240227,30,30,16,29.365030929279314,29.365030929279314,32.626460295615644, 38.796091, 38.796091, 37.656359
1799,3,3.804392053736941,15,15,9,13.280906193945896,13.280906193945896,18.888029516367535, 70.346787, 70.346787, 53.127558
1800,4,1.1421712514265892,38,38,14,14.408354445789612,14.408354445789612,37.27889348002776, 57.810862, 57.810862, 53.269291
1801,3,3.1460654648518793,9,9,6,4.749673816333086,4.749673816333086,5.814773210888724, 33.064263, 33.064263, 24.691166
1802,2,0.02960716777677508,30,30,23,54.983669966696745,54.983669966696745,55.10583814113417, 55.871885, 55.871885, 55.786803
1803,3,1.9402844310821328,19,19,10,14.016516809439473,14.01651680943948,21.19763468917867, 50.881921, 50.881921, 40.600479
1804,4,3.1931699831805016,7,7,4,1.3141201177364898,1.3141201177364898,2.767645067277993, 23.66631, 23.66631, 15.540325
1805,4,1.271371894628891,60,60,18,25.286896322266543,25.286896322266543,74.25331389667998, 101.56921, 101.56921, 97.138008
1806,4,0.8954405726688208,34,34,12,10.030870529260092,10.030870529260092,25.45734512797415, 40.47585, 40.47585, 36.202632
1807,4,1.165102892247718,50,50,21,19.4107163876141,19.41071638761411,43.462085262797935, 77.665861, 77.665861, 67.929246
1808,3,0.34027500678395495,45,45,21,36.777611694722026,36.777611694722026,42.88414485753695, 52.089987, 52.089987, 50.02992
1809,2,0.625698496580519,30,30,15,26.11330910258443,26.11330910258443,32.873247551292216, 44.884264, 44.884264, 42.258725
1810,3,1.489449110907739,21,21,10,14.783014670937476,14.783014670937476,24.965635890922613, 46.061446, 46.061446, 39.860127
1812,4,3.886568646833915,17,17,10,12.657110003823433,12.657110003823433,20.30927353166085, 78.728777, 78.728777, 59.17496
1813,2,1.6753502696788698,24,24,15,30.267465527707117,30.267465527707117,36.35772095481695, 70.475872, 70.475872, 61.487975
1814,3,0.029434081467376028,45,45,21,44.725951333968084,44.725951333968084,45.35336728918511, 46.050485, 46.050485, 45.971483
1815,2,3.372729398428901,10,10,7,7.58041801571099,7.58041801571099,9.29126621099769, 41.307712, 41.307712, 32.900372
1816,2,0.5075177740843317,30,30,17,23.75381977747005,23.75381977747005,26.883093840566367, 38.979353, 38.979353, 35.510896
1817,4,3.7875935240889924,7,7,4,2.7278463313770516,2.727846331377055,4.633628903644029, 29.241001, 29.241001, 19.784003
1818,2,3.489263611983637,6,6,5,4.938046328098178,4.938046328098178,5.253208940081818, 25.873628, 25.873628, 22.699527
1819,2,0.021378723916145037,30,30,30,38.89052628251565,38.89052628251565,38.89052628251565, 39.531888, 39.531888, 39.531888
1820,3,3.436855244509932,11,11,7,6.174289310390748,6.174289310390748,8.918851288430481, 43.979697, 43.979697, 32.976838
1821,3,0.6531566409726836,45,45,34,86.26664115622924,86.26664115622924,90.63885420692877, 115.65869, 115.65869, 112.84618
1822,4,0.6196529465474304,60,60,23,45.718468207154174,45.718468207154174,65.00189022940911, 82.897645, 82.897645, 79.253908
1823,3,4.535736122069494,9,9,6,7.592158901374553,7.592158901374553,10.133888267583039, 48.413784, 48.413784, 37.348305
1824,3,1.859526696485112,15,15,9,8.926352552723323,8.926352552723323,13.128609731633993, 36.819253, 36.819253, 29.86435
1825,3,0.18946080370311869,45,45,15,30.641642833359654,30.641642833359654,35.95470194445323, 39.167379, 39.167379, 38.796614
1826,3,3.5462521491970356,7,7,5,2.93901595562075,2.93901595562075,3.749543254014822, 27.762781, 27.762781, 21.480804
1827,4,4.85052682463847,4,4,4,1.0079987014461196,1.0079987014461196,1.0079987014461196, 20.410106, 20.410106, 20.410106
1828,3,4.271974976806394,10,10,6,6.034374231936056,6.034374231936056,8.527615139161632, 48.754124, 48.754124, 34.159465
1829,4,2.6624646243713497,16,16,9,9.819818010058405,9.819818010058405,18.123623380657857, 52.419252, 52.419252, 42.085805
1830,4,2.5823247168138375,16,16,9,8.740400530978597,8.740400530978597,15.574864548675464, 50.057596, 50.057596, 38.815787
1831,3,2.0888879965416796,40,40,20,38.48939013833281,38.48939013833281,61.85460006916643, 122.04491, 122.04491, 103.63236
1833,4,0.7148679806485869,60,60,14,20.31324816108478,20.31324816108478,51.05825827091978, 63.205327, 63.205327, 61.06641
1834,4,1.3359784865115336,24,24,11,10.250994323723198,10.250994323723198,20.813127648373133, 42.314478, 42.314478, 35.508891
1835,4,1.372202774596503,45,45,19,20.712394143157354,20.712394143157354,49.48031828266645, 82.461519, 82.461519, 75.552171
1836,4,3.103727500698767,12,12,7,4.3163689916147945,4.3163689916147945,8.607383495108635, 41.561099, 41.561099, 30.333476
1837,3,4.743417599731916,21,21,12,19.140720405629764,19.140720405629764,27.354589803217017, 118.75249, 118.75249, 84.275601
1838,3,3.219379775145617,20,20,12,21.559916497087656,21.55991649708767,30.721282698252608, 85.947512, 85.947512, 69.35384
1839,2,0.2709862199164925,30,30,22,38.65141740250523,38.65141740250523,39.62026216183717, 46.781004, 46.781004, 45.581959
1840,2,4.104727324646272,8,8,5,6.3950804028298265,6.3950804028298265,7.725571376768641, 39.232899, 39.232899, 28.249208
1841,3,0.07827824695793573,45,45,38,84.8507838868929,84.8507838868929,85.26358261559845, 88.373305, 88.373305, 88.238156
1842,4,2.488145110236568,13,13,7,5.339706566924612,5.339706566924612,9.438238228344023, 37.685593, 37.685593, 26.855254
1843,4,1.194932957424593,26,26,12,8.610196106960576,8.61019610696058,16.813161510904884, 39.678453, 39.678453, 31.152357
1844,3,2.3738624930419725,19,19,11,17.873345632202522,17.873345632202522,26.714486576538306, 62.976733, 62.976733, 52.826974
1845,2,2.0393071881676943,20,20,14,27.35487323664612,27.35487323664612,31.644843365652285, 68.141017, 68.141017, 60.195144
1846,3,4.92610474669598,7,7,5,4.596429773128143,4.596429773128143,5.923165266520099, 39.079163, 39.079163, 30.553689
1847,2,0.35449079027976116,30,30,17,33.03935729160717,33.03935729160717,36.504776565244065, 43.674081, 43.674081, 42.53112
1848,2,4.210846064853299,4,4,3,3.3983547405868038,3.3983547405868038,3.473401805440104, 20.241739, 20.241739, 16.10594
1849,3,1.0884755799919221,24,24,11,12.95395308019387,12.95395308019387,22.80082162008886, 39.077367, 39.077367, 34.774053
1850,2,0.3688046453305255,30,30,21,56.77257064008423,56.77257064008423,58.973884448058975, 67.83671, 67.83671, 66.718782
1851,2,2.619098504875486,11,11,8,11.172206446369653,11.172206446369653,12.846172960996114, 39.98229, 39.98229, 33.798961
1852,4,0.8945160515437756,40,40,14,11.221553938248974,11.221553938248974,27.589274278387144, 47.002196, 47.002196, 40.112499
1853,2,2.2876383272059133,12,12,8,13.499122073529037,13.499122073529037,16.479151382352697, 40.950782, 40.950782, 34.780258
1854,4,2.426671760382571,16,16,8,6.296786833878862,6.296786833878862,12.757482916939434, 45.123535, 45.123535, 32.170857
1855,2,3.239337518059471,12,12,8,12.233104783286358,12.233104783286358,15.093078855524235, 51.105155, 51.105155, 41.007779
1856,3,1.2058581746046326,26,26,12,13.26537446027955,13.26537446027955,23.94090490474441, 44.617687, 44.617687, 38.411203
1857,2,0.11107598435893595,30,30,24,56.876619469231926,56.876619469231926,57.23394137538554, 60.208899, 60.208899, 59.899765
1858,2,4.876325608405848,4,4,3,1.791787566376609,1.791787566376609,2.240304174782456, 21.29709, 21.29709, 16.869281
1859,4,0.24331747892694322,60,60,24,38.087678264383406,38.087678264383406,45.227588505753374, 52.686727, 52.686727, 51.067208
1860,4,1.172982136957662,40,40,16,14.010579521693515,14.010579521693515,35.02849280867741, 60.929865, 60.929865, 53.796207
1861,4,0.7533006659203678,51,51,15,12.603003038061239,12.603003038061246,36.872856011194486, 51.021337, 51.021337, 48.172366
1862,2,0.5453039204023574,30,30,23,38.335257387929275,38.335257387929275,39.306677830745784, 54.694375, 54.694375, 51.848668
1863,4,2.2825505262719052,17,17,9,11.637838053377614,11.637838053377614,21.62818726355286, 50.441197, 50.441197, 42.171142
1864,3,2.297710353699501,21,21,12,21.382340572310476,21.382340572310476,31.56473775560599, 69.634258, 69.634258, 59.137262
1865,3,3.0120623510158806,11,11,7,6.8279701388253145,6.8279701388253145,10.297517542888837, 39.960656, 39.960656, 31.381954
1866,4,0.7486422135111304,60,60,23,28.50068018933218,28.50068018933218,51.00552608924402, 73.419213, 73.419213, 68.224297
1867,2,4.826349669790886,6,6,5,5.439103981254682,5.439103981254682,5.763621651045567, 34.397202, 34.397202, 29.89537
1868,2,2.98494948177841,10,10,7,11.5064981822159,11.5064981822159,12.841929627551135, 41.355993, 41.355993, 33.736576
1869,4,3.655677555615729,9,9,6,6.095861999458442,6.095861999458442,8.721103666305629, 38.99696, 38.99696, 30.655169
1870,2,1.3619629214898976,24,24,14,25.67055388424246,25.67055388424246,33.117172099141435, 58.357664, 58.357664, 52.184653
1871,3,0.8114084564111052,31,31,14,12.60398985125574,12.60398985125574,23.220160610244527, 37.757652, 37.757652, 34.579879
1872,2,0.6157826470512451,30,30,21,31.683170588462648,31.683170588462648,33.47627041192385, 50.15665, 50.15665, 46.407706
1873,3,0.34696433007305516,45,45,24,41.09586714671252,41.09586714671252,46.390679078246684, 56.709262, 56.709262, 54.717823
1874,3,2.8350678215998033,12,12,7,6.939740140802364,6.939740140802364,11.613024248801379, 40.960554, 40.960554, 31.458499
1875,4,4.99802165903359,4,4,4,0.19906836386563853,0.19906836386563853,0.19906836386563853, 20.191155, 20.191155, 20.191155
1876,3,2.9166519670872364,11,11,7,8.075690362040397,8.075690362040397,12.052043230389348, 40.158862, 40.158862, 32.468607
1877,4,3.2710129156673813,8,8,5,2.555833674660949,2.555833674660949,4.492708421663092, 28.723937, 28.723937, 20.847773
1878,4,3.6985319118316355,10,10,6,5.9880048816836435,5.9880048816836435,9.57895752901019, 42.973324, 42.973324, 31.770149
1879,3,2.3711372139736264,17,17,10,13.71588136244835,13.71588136244835,20.587051860263735, 54.025214, 54.025214, 44.298424
1880,4,3.0520820586704724,10,10,6,7.017156413295272,7.017156413295275,10.931393647977163, 37.537977, 37.537977, 29.243886
1881,4,4.095292474447784,10,10,6,6.401176255522159,6.401176255522159,9.506635153313296, 47.354101, 47.354101, 34.07839
1882,3,1.5988801985758672,23,23,12,13.908174432755054,13.908174432755054,22.3785826170896, 50.682419, 50.682419, 41.565145
1884,2,3.212407522697384,12,12,8,12.708582727631388,12.708582727631388,14.821211818420927, 51.257473, 51.257473, 40.520472
1885,2,3.538468488863268,10,10,7,10.624252111367326,10.624252111367326,13.283675577957123, 46.008937, 46.008937, 38.052955
1886,4,2.4086922880583836,14,14,8,8.027941967182628,8.027941967182628,14.86027269553293, 41.749634, 41.749634, 34.129811
1887,3,2.0673032411451544,15,15,8,10.217172382822682,10.217172382822682,16.097267070838768, 41.226721, 41.226721, 32.635693
1888,3,4.872105783095316,4,4,3,1.9582198676187375,1.9582198676187375,2.267165650714049, 21.446643, 21.446643, 16.883483
1889,3,0.641471520357843,45,45,29,82.83686158389706,82.83686158389706,88.95560590962256, 111.70308, 111.70308, 107.55828
1890,2,3.31799626128007,10,10,8,14.816244387199298,14.816244387199298,16.128909909759443, 47.996207, 47.996207, 42.67288
1891,3,4.22161630056033,13,13,8,12.489111092715703,12.48911109271571,17.006191595517357, 67.370123, 67.370123, 50.779122
1892,3,3.0733469339694914,9,9,6,7.884619594274575,7.884619594274575,9.599568396183056, 35.544742, 35.544742, 28.03965
1894,3,1.8588208250380844,35,35,18,27.358970123667035,27.35897012366705,44.42012214931448, 92.417699, 92.417699, 77.878897
1895,3,4.149777069373396,9,9,6,5.046576375639432,5.046576375639432,6.892053583759624, 42.39457, 42.39457, 31.790716
1896,3,3.200050437494863,10,10,6,7.654426625051364,7.654426625051364,9.948055375030822, 39.654931, 39.654931, 29.148358
1897,3,2.127655959896866,15,15,9,15.417575601547007,15.417575601547007,21.230195360928207, 47.332415, 47.332415, 40.379099
1899,4,4.553982208787709,8,8,5,2.7620513296983233,2.7620513296983233,5.053173956061454, 39.193909, 39.193909, 27.823085
1900,3,3.068612933034383,12,12,7,5.655006803587405,5.655006803587405,8.500242468759321, 42.478362, 42.478362, 29.980533
1901,4,4.225129422614735,8,8,4,2.2769576190821184,2.2769576190821184,5.215505309541058, 36.077993, 36.077993, 22.116023
1902,4,1.9101408690782173,20,20,10,10.258603618435657,10.258603618435657,18.524145309217833, 48.461421, 48.461421, 37.625554
1903,4,1.1978084801612225,40,40,16,15.726345793551097,15.726345793551097,38.17089131742045, 63.638685, 63.638685, 57.335827
1904,3,3.842944409115246,8,8,5,6.10101772707803,6.10101772707803,8.323886954423774, 36.844573, 36.844573, 27.538609
1905,2,4.874979546968576,2,2,2,1.1217449060628475,1.1217449060628475,1.1217449060628475, 10.871704, 10.871704, 10.871704
1906,4,3.849321145623654,12,12,7,8.258344252516153,8.258344252516153,11.700904980634423, 54.450198, 54.450198, 38.646153
1907,2,2.4294285703421536,18,18,12,30.62571173384123,30.62571173384123,36.27820915589417, 74.355426, 74.355426, 65.431352
1908,2,3.1904294911143345,9,9,6,11.463153579970992,11.463153579970992,13.129379053313997, 40.177019, 40.177019, 32.271956
1909,4,4.454063383367211,4,4,4,-1.9834585334688448,-1.9834585334688448,-1.9834585334688448, 15.832795, 15.832795, 15.832795
1910,4,1.2816061154979748,29,29,13,12.57853165055873,12.57853165055873,27.75226949852633, 49.745109, 49.745109, 44.413149
1911,4,4.353039541458278,6,6,4,2.1951817512503276,2.195181751250331,3.4561368341668874, 28.313419, 28.313419, 20.868295
1912,3,0.4360067942654072,45,45,36,111.43351425805668,111.43351425805668,114.05720540644533, 131.05382, 131.05382, 129.75345
1913,4,1.812127690434468,21,21,11,13.803377500876167,13.803377500876167,25.45531640522085, 51.858059, 51.858059, 45.388721
1914,4,2.273100213490991,16,16,8,7.093443584144147,7.093443584144147,14.822453292072073, 43.463047, 43.463047, 33.007255
1915,2,3.8583076923123922,6,6,4,2.8895938461256456,2.8895938461256456,3.7708702307504325, 26.03944, 26.03944, 19.204101
1917,4,3.629645178558885,7,7,4,2.7848507500878057,2.7848507500878057,4.63977428576446, 28.192367, 28.192367, 19.158355
1919,3,2.0648362192551932,15,15,9,9.624077711172099,9.624077711172099,13.376388026703264, 40.596621, 40.596621, 31.959914
1921,3,3.370410600117839,18,18,11,14.350684197878891,14.350684197878891,21.41024339870378, 75.018075, 75.018075, 58.48476
1923,2,4.023956302587512,16,16,11,21.49488815859982,21.49488815859982,25.275775671537367, 85.878189, 85.878189, 69.539295
1924,3,2.341053291646844,27,27,15,25.123060125535204,25.123060125535204,37.43547562529735, 88.331499, 88.331499, 72.551275
1926,4,1.3625324317732201,52,52,18,22.335752547792552,22.335752547792552,60.54977622808205, 93.187439, 93.187439, 85.07536
1927,2,1.0833147026782042,21,21,13,12.927101243757711,12.927101243757711,15.697510865183345, 35.67671, 35.67671, 29.780602
1928,3,4.397229931908481,6,6,4,3.0763984085491103,3.0763984085491103,3.5746802723660736, 29.459778, 29.459778, 21.1636
1929,4,2.039228771761683,14,14,7,6.1926711953364375,6.192671195336441,10.653717597668216, 34.741874, 34.741874, 24.928319
1930,3,3.704510057396562,8,8,5,3.709935540827498,3.7099355408275017,5.51044771301719, 33.346016, 33.346016, 24.032998
1931,2,2.953163975873923,9,9,6,8.004006217134691,8.004006217134691,9.389943144756469, 34.582482, 34.582482, 27.108927
1932,4,0.3018116917030733,60,60,20,32.5349944978156,32.5349944978156,43.56724716593855, 50.643696, 50.643696, 49.603481
1933,2,0.9791442458939253,30,30,17,33.18712662318224,33.18712662318224,40.43239381980327, 62.561454, 62.561454, 57.077846
1934,2,3.929242664548233,6,6,5,6.384289012710607,6.384289012710607,6.892210677258838, 29.959745, 29.959745, 26.538424
1935,4,2.0863370017410663,15,15,8,7.713456973884007,7.713456973884007,14.26879098607147, 39.008512, 39.008512, 30.959487
1936,2,1.390026763106773,16,16,10,20.72522279029163,20.72522279029163,25.29328336893227, 42.965651, 42.965651, 39.193551
1937,3,1.0313061888475756,29,29,11,14.529429523420305,14.529429523420305,29.48235492267667, 44.437309, 44.437309, 40.826723
1938,4,3.3278662782565367,8,8,5,3.347423773947707,3.347423773947707,5.0383296087173175, 29.970354, 29.970354, 21.677661
1939,2,2.847060020725248,13,13,9,16.720462730571768,16.720462730571768,19.00132181347277, 53.732243, 53.732243, 44.624862
1940,3,2.1536763788888704,13,13,8,7.266807074444685,7.266807074444685,10.372540968889039, 35.2646, 35.2646, 27.601952
1941,3,0.8343146224960202,45,45,18,35.254179987679095,35.254179987679095,54.63780079507164, 72.798338, 72.798338, 69.655464
1942,3,3.9930800217387743,3,3,3,1.122089934783677,1.122089934783677,1.122089934783678, 13.10133, 13.10133, 13.10133
1944,3,1.0298864672304746,42,42,17,22.33003837632006,22.33003837632006,44.20276205708194, 65.58527, 65.58527, 61.710832
1945,2,3.968538282890105,14,14,9,17.37344203953854,17.37344203953854,21.276290453989063, 72.932978, 72.932978, 56.993135
1946,2,1.8482596149765484,30,30,20,40.758455550703545,40.758455550703545,45.556293700469034, 96.206244, 96.206244, 82.521486
1947,2,3.4194880632032016,6,6,5,5.1492426207807895,5.1492426207807895,5.6142156839839945, 25.666171, 25.666171, 22.711656
1948,2,3.674304085173008,4,4,3,3.087313659307968,3.087313659307968,3.1619147444809763, 17.78453, 17.78453, 14.184827
1950,3,3.967289886389401,8,8,5,4.250431908884792,4.250431908884796,6.636422568052996, 35.988751, 35.988751, 26.472872
1951,2,0.3668980238720465,30,30,18,42.065477283838604,42.065477283838604,45.122982570303165, 53.072418, 53.072418, 51.727147
1952,2,3.2417471341279533,7,7,5,6.0632490611043295,6.0632490611043295,6.679550329360236, 28.755479, 28.755479, 22.888286
1953,2,2.887752464145717,30,30,22,61.3721660756285,61.3721660756285,67.17715578879422, 148.00474, 148.00474, 130.70771
1954,4,0.07698265285094208,60,60,27,51.03098282894348,51.03098282894348,53.29395037302458, 55.649942, 55.649942, 55.372482
1956,2,4.252404295372917,6,6,4,4.370956227762498,4.370956227762498,4.994060818508334, 29.885382, 29.885382, 22.003678
1957,4,0.660182586425137,60,60,27,35.37224781449178,35.37224781449178,52.40546016652131, 74.983203, 74.983203, 70.23039
1958,3,2.2227930628253616,23,23,13,17.80574855501669,17.80574855501669,27.243968183270304, 68.929989, 68.929989, 56.140278
1959,3,2.0781932752996033,13,13,8,10.324902421105154,10.324902421105154,14.698291797603174, 37.341415, 37.341415, 31.323838
1960,3,3.4190342513826764,11,11,7,9.085811234790562,9.085811234790562,12.96593724032127, 46.695188, 46.695188, 36.899177
1961,2,4.042180994285805,10,10,7,11.027187057141951,11.027187057141951,13.266837039999366, 51.448997, 51.448997, 41.562104
1962,4,0.5000415992181123,60,60,18,22.07845404691326,22.07845404691326,40.86262321407398, 52.08095, 52.08095, 49.863372
1963,4,3.4808131566244516,7,7,4,1.454061903628837,1.4540619036288405,2.7138703735021927, 25.819754, 25.819754, 16.637123
1964,2,4.846501107540276,4,4,3,1.275967569838894,1.275967569838894,1.746400677379171, 20.661972, 20.661972, 16.285904
1965,2,2.7923288517197564,11,11,8,13.207195631082676,13.207195631082676,15.258357186241952, 43.922813, 43.922813, 37.596988
1966,2,3.8563901903061053,14,14,10,21.29518433571453,21.29518433571453,23.520582096938952, 75.284647, 75.284647, 62.084484
1967,4,1.5503560580621811,23,23,11,10.113193664569835,10.113193664569835,22.41340736131601, 45.771383, 45.771383, 39.467324
1968,3,2.698376398367575,12,12,7,7.904827219589102,7.904827219589102,12.899801211426976, 40.285344, 40.285344, 31.788436
1969,4,2.7753222253720273,15,15,8,4.729990619419588,4.7299906194195955,8.675262197023784, 46.359824, 46.359824, 30.87784
1970,2,2.806963392200778,16,16,11,12.081013724787546,12.081013724787546,14.625333685791443, 56.992428, 56.992428, 45.501931
1971,2,3.972601259735928,2,2,2,0.3877391805281434,0.3877391805281434,0.3877391805281434, 8.3329417, 8.3329417, 8.3329417
1972,3,2.295167857486814,18,18,10,14.762793565237345,14.762793565237345,23.31843342513186, 56.075815, 56.075815, 46.270112
1973,4,3.468719535721896,18,18,10,13.98635235700587,13.986352357005877,22.836943642781044, 76.423304, 76.423304, 57.524139
1974,2,4.4717651087793415,8,8,5,5.427791129765268,5.427791129765268,6.93617845610329, 41.201912, 41.201912, 29.295004
1975,2,0.21628160876120017,30,30,28,41.79966673716399,41.79966673716399,41.85001895468639, 48.288115, 48.288115, 47.905904
1976,4,1.5802725556986448,24,24,12,9.624494663232532,9.624494663232532,17.132958331616265, 47.551036, 47.551036, 36.096229
1977,4,3.19309574081061,22,22,12,20.473582702166567,20.473582702166567,38.065951110272685, 90.721689, 90.721689, 76.3831
1979,2,0.8800329716882516,30,30,25,59.120612849352455,59.120612849352455,59.90067770779371, 85.521602, 85.521602, 81.901502
1980,2,2.7444855097515597,13,13,9,13.677107373229717,13.677107373229717,15.639962412235962, 49.355419, 49.355419, 40.340332
1981,2,3.1615457615301312,8,8,6,8.37852090775895,8.37852090775895,9.696253430819212, 33.670887, 33.670887, 28.665528
1982,4,3.932419171211134,7,7,4,3.380348801522061,3.380348801522061,5.519095315155463, 30.907283, 30.907283, 21.248772
1983,2,2.569125768800255,15,15,10,13.839325467996176,13.839325467996176,16.33496831199745, 52.376212, 52.376212, 42.026226
1984,4,4.432666674164508,4,4,4,0.9356103033419672,0.9356103033419672,0.9356103033419672, 18.666277, 18.666277, 18.666277
1985,4,1.9953555067669826,18,18,9,9.232615878194316,9.232615878194316,18.22598743909716, 45.149015, 45.149015, 36.184187
1987,2,2.996747958555641,12,12,9,9.476631497332306,9.476631497332306,10.749318372999234, 45.437607, 45.437607, 37.72005
1988,2,2.383602566027558,11,11,8,12.451487773696861,12.451487773696861,14.631284471779537, 38.671116, 38.671116, 33.700105
1989,4,1.269981829248249,28,28,12,11.446272781049025,11.446272781049025,25.42636204902102, 47.005764, 47.005764, 40.666144
1990,4,0.07174661021547402,60,60,38,47.012750387071556,47.012750387071556,48.45748281181199, 51.317547, 51.317547, 51.183854
1991,2,2.4815556492531208,9,9,6,10.851258156721915,10.851258156721915,12.229616104481277, 33.185259, 33.185259, 27.11895
1992,4,1.5830797315475775,40,40,20,20.042935738096894,20.0429357380969,35.37753336904846, 83.366125, 83.366125, 67.039128
1993,2,1.732050037813158,18,18,12,15.919785319363154,15.919785319363154,19.575107546242105, 47.096686, 47.096686, 40.359708
1994,4,2.5859358300604263,15,15,8,6.107277549093602,6.1072775490936095,11.69721235951659, 44.896315, 44.896315, 32.384699
1995,2,3.2054966747445968,10,10,7,7.342001252554034,7.342001252554034,9.172310276787822, 39.396968, 39.396968, 31.610787
1996,3,4.253297470980004,8,8,5,7.568230232159969,7.568230232159969,10.520033645099982, 41.59461, 41.59461, 31.786521
1997,4,4.786925330455477,4,4,4,-2.7929993218219096,-2.7929993218219096,-2.7929993218219096, 16.354702, 16.354702, 16.354702
1998,4,0.2083866867355999,60,60,30,85.582338795864,85.582338795864,90.92384539793201, 98.08554, 98.08554, 97.175446
2000,4,0.8187262525411726,60,60,22,26.228536847529647,26.228536847529647,52.34238644409422, 75.352112, 75.352112, 70.354364
2001,3,2.480513084044742,12,12,7,5.925054991463096,5.925054991463096,9.728672411686809, 35.691212, 35.691212, 27.092264
2002,4,3.333843000621684,12,12,6,4.936989992539793,4.936989992539793,10.048076996269895, 44.943106, 44.943106, 30.051135
2003,4,0.9056711550583196,39,39,14,9.931205952725534,9.931205952725534,24.936438829183523, 45.252381, 45.252381, 37.615835
2004,4,4.022372612952883,8,8,5,3.46459209637694,3.46459209637694,5.4478609352355845, 35.643573, 35.643573, 25.559724
2005,4,3.428964178114566,7,7,4,1.8101737531980397,1.8101737531980397,3.1085632875417364, 25.812923, 25.812923, 16.82442
2006,2,2.7830865134950304,8,8,6,5.702737892039757,5.702737892039757,6.532294919029816, 27.96743, 27.96743, 23.230814
2007,3,3.9519583619326064,5,5,3,1.9483491903369696,1.9483491903369696,2.7747899142021812, 21.708141, 21.708141, 14.630665
2008,2,0.2804516414704744,30,30,26,50.44507975588577,50.44507975588577,50.67873532176767, 58.858629, 58.858629, 57.970478
2009,2,2.1773386635134617,12,12,8,18.39693503783846,18.39693503783846,21.285391691892308, 44.524999, 44.524999, 38.704101
2010,2,3.749886549704023,10,10,7,9.75725950295977,9.75725950295977,11.275301152071844, 47.256125, 47.256125, 37.524507
2011,3,2.95522433711165,10,10,6,5.705145628883503,5.705145628883507,7.7061879773300985, 35.257389, 35.257389, 25.437534
2012,3,0.47462646319003376,45,45,19,20.718937156448483,20.718937156448483,29.680938199389367, 42.077128, 42.077128, 38.698841
2013,3,4.327413165156139,7,7,5,6.008019843907022,6.008019843907025,7.410120174219303, 36.299912, 36.299912, 29.047186
2014,3,1.0188010485431693,42,42,15,22.403444961186892,22.403444961186892,44.12193627185246, 65.193089, 65.193089, 59.403952
2015,2,2.1402576591689186,10,10,7,5.853609408310813,5.853609408310813,7.059217385817571, 27.256186, 27.256186, 22.041021
2016,3,4.149300094117655,6,6,4,4.04367243529407,4.04367243529407,4.695384623529378, 28.939473, 28.939473, 21.292585
2017,2,2.0953512595848656,12,12,9,11.796092884981615,11.796092884981615,13.234797663736213, 36.940308, 36.940308, 32.092959
2018,2,3.6598132992600525,4,4,3,2.2153978029597905,2.2153978029597905,2.2677721022198427, 16.854651, 16.854651, 13.247212
2019,3,0.48819196492652095,45,45,18,26.13863157830656,26.13863157830656,35.62722663132263, 48.10727, 48.10727, 44.414682
2020,2,2.6975899701275634,10,10,6,9.012495298724364,9.012495298724364,11.402491179234621, 35.988395, 35.988395, 27.588031
2021,4,4.819019332308632,10,10,6,6.654005676913684,6.654005676913684,10.567944006148203, 54.844199, 54.844199, 39.48206
2022,2,2.939147904067606,11,11,8,13.282271055256338,13.282271055256338,15.519251767459156, 45.612898, 45.612898, 39.032435
2023,3,1.9272538299859927,20,20,10,16.187530400280153,16.187530400280153,26.570748700140076, 54.732607, 54.732607, 45.843287
2024,4,1.9820799065238603,40,40,19,25.807703739045593,25.807703739045593,53.04513077604667, 105.0909, 105.0909, 90.704649
2025,2,3.2518419199537636,16,16,11,23.408380280739777,23.408380280739777,26.64547188050861, 75.437851, 75.437851, 62.415733
2026,4,2.8290818882980706,28,28,14,19.280516127654025,19.280516127654025,38.87791156382701, 98.494809, 98.494809, 78.485058
2027,3,1.7700196804181116,17,17,8,13.282503432892103,13.282503432892106,23.394000556655108, 43.372838, 43.372838, 37.554158
2028,4,1.7258335449066342,40,40,18,21.122892203734622,21.122892203734622,44.32773719168059, 90.156234, 90.156234, 75.392741
2029,2,0.6667371384761239,30,30,17,29.63788984571628,29.63788984571628,35.1767426459059, 49.640004, 49.640004, 46.511274
2030,3,2.2185998818749435,18,18,10,13.230664126251021,13.230664126251021,19.25759318125057, 53.165462, 53.165462, 41.443592
2031,2,3.107045346889703,12,12,9,16.20252483732356,16.20252483732356,18.183957877992672, 53.487069, 53.487069, 46.147366
2033,4,4.467787625955944,4,4,4,-1.1299945038237773,-1.1299945038237773,-1.1299945038237773, 16.741156, 16.741156, 16.741156
2034,2,0.3527113030226786,30,30,23,42.71105790931964,42.71105790931964,43.642841030478394, 53.292397, 53.292397, 51.755201
2035,2,1.2197700863765997,20,20,12,19.796959272468005,19.796959272468005,24.575705963480807, 44.192361, 44.192361, 39.212947
2036,4,2.009589636506192,20,20,10,10.970490269876166,10.970490269876166,22.171060634938083, 51.162283, 51.162283, 42.266957
2037,4,3.780998295097761,10,10,6,4.515536049022387,4.515536049022387,8.066971229413435, 42.325519, 42.325519, 30.752961
2038,4,2.801771817972682,11,11,6,5.477633002300497,5.477633002300497,9.455474092163907, 36.297123, 36.297123, 26.266105
2039,2,1.0518929082864759,22,22,12,16.757445017697528,16.757445017697528,22.16028510056229, 39.899089, 39.899089, 34.783
2040,4,1.7765703677868387,16,16,8,4.469039115410581,4.469039115410581,9.121971057705293, 32.894165, 32.894165, 23.334534
2041,3,1.3007628473164528,42,42,19,25.92444941270898,25.92444941270898,44.6925129009874, 80.556489, 80.556489, 69.407007
2042,2,4.0670330184324275,6,6,5,7.5073908894054355,7.5073908894054355,8.09234990783786, 31.909589, 31.909589, 28.427515
2043,2,2.015176152961895,12,12,8,11.787453164457258,11.787453164457258,13.221381776304838, 35.969567, 35.969567, 29.342791
2044,3,0.2194731040609088,45,45,24,30.109453317259103,30.109453317259103,33.548442502538194, 39.985743, 39.985743, 38.815797
2045,4,3.7650263902814047,13,13,8,9.881686926341736,9.881686926341743,16.95226387774876, 58.82703, 58.82703, 47.072475
2046,4,4.802096661453705,12,12,7,7.725403062555536,7.725403062555536,11.810906369824075, 65.350563, 65.350563, 45.425583
2047,3,4.9111684366089134,6,6,4,3.3781603803465217,3.3781603803465217,4.581569253564346, 32.845171, 32.845171, 24.226243
2048,3,1.309039152883356,33,33,16,19.852577954849252,19.852577954849252,35.81717755386631, 63.05087, 63.05087, 56.761804
2049,2,4.1147760697328,6,6,5,6.114285581603202,6.114285581603202,6.477437651336, 30.802942, 30.802942, 27.051318
2050,2,2.1268031010545725,14,14,10,11.277788585235989,11.277788585235989,13.051700989454282, 41.053032, 41.053032, 34.319732
2051,2,3.1087714356192246,8,8,6,9.852739515046206,9.852739515046206,10.938815386284652, 34.722911, 34.722911, 29.591444
2052,3,4.012259474528108,5,5,3,2.633858627359462,2.633858627359462,3.3120155764156776, 22.695156, 22.695156, 15.348794
2054,4,4.581905911369604,8,8,4,2.28845570904317,2.28845570904317,4.637180354521586, 38.943703, 38.943703, 22.964804
2055,3,0.8767284028331807,36,36,15,14.754280498005492,14.754280498005492,27.399689957502297, 46.316503, 46.316503, 40.550616
2056,4,4.837356414291523,8,8,5,5.567136685667819,5.567136685667819,7.539409928542389, 44.265988, 44.265988, 31.726192
2057,4,4.12912679738662,4,4,4,1.4565768104535195,1.4565768104535195,1.4565768104535195, 17.973084, 17.973084, 17.973084
2058,4,2.737454465004749,15,15,8,9.622082024928758,9.622082024928758,17.791121279962006, 50.683899, 50.683899, 39.690757
2059,3,1.457515642994347,18,18,10,9.299631426101755,9.299631426101755,13.427202570056531, 35.534913, 35.534913, 28.002359
2060,3,1.8626189818488488,15,15,9,8.152555272267264,8.152555272267264,11.509421163360363, 36.09184, 36.09184, 28.272992
2061,2,2.099859574093335,12,12,8,12.815561110879983,12.815561110879983,15.00021440725332, 38.013876, 38.013876, 31.799091
2062,4,1.733755109377192,30,30,14,13.901066718684241,13.901066718684241,26.750944468719318, 65.91372, 65.91372, 51.023516
2063,3,3.262788474103554,8,8,5,3.9618902071715674,3.9618902071715674,5.3962546294822324, 30.064198, 30.064198, 21.710197
2064,2,0.44582079399077656,30,30,21,58.3029761802767,58.3029761802767,61.1133503261937, 71.6776, 71.6776, 70.475587
2065,4,4.736969468348701,6,6,4,2.2730381899077905,2.273038189907794,3.320641126605196, 30.694855, 30.694855, 22.268519
2066,3,0.5635706689223235,45,45,16,29.485914898495444,29.485914898495444,43.51209929724283, 54.846595, 54.846595, 52.52923
2067,4,2.8338133042655156,10,10,6,4.177367957344842,4.1773679573448455,6.515780174406908, 32.515501, 32.515501, 23.51866
2068,3,4.167890155610382,9,9,6,5.3452835995065655,5.3452835995065655,8.087815066337711, 42.856295, 42.856295, 33.095156
2069,4,2.2511941755578317,20,20,10,9.961858488843369,9.961858488843369,20.189253244421685, 54.985742, 54.985742, 42.701195
2070,4,3.295419737830654,12,12,7,9.619444146032158,9.619444146032158,15.185153835185426, 49.164481, 49.164481, 38.253092
2071,4,4.647822824659479,8,8,5,4.436940402724169,4.436940402724169,5.7901088767026065, 41.619523, 41.619523, 29.029223
2072,2,3.5757813662356543,6,6,4,3.2245868025860744,3.2245868025860744,3.7831225350573847, 24.679275, 24.679275, 18.086248
2073,2,0.3396807016202069,30,30,21,29.065830951393796,29.065830951393796,30.29816526597566, 39.256252, 39.256252, 37.43146
2074,4,0.22365933603516852,60,60,21,28.292752837889893,28.292752837889893,35.596586943261464, 41.712313, 41.712313, 40.293433
2075,2,0.21565679350947553,30,30,30,54.63265519471573,54.63265519471573,54.63265519471573, 61.102359, 61.102359, 61.102359
2076,4,1.4710424474005497,34,34,15,14.431435788381307,14.431435788381307,30.08067528899176, 64.446879, 64.446879, 52.146312
2077,3,1.3787360666976844,24,24,12,15.635555399255573,15.635555399255573,26.193265199627792, 48.725221, 48.725221, 42.738098
2078,3,1.1114041025126737,36,36,14,19.88673130954374,19.88673130954374,40.522806564822574, 59.897279, 59.897279, 56.082464
2079,2,3.543379357249377,14,14,10,18.58628599850872,18.58628599850872,21.22912242750624, 68.193597, 68.193597, 56.662916
2080,4,0.25368158764152937,60,60,18,36.94108874150824,36.94108874150824,46.80378642245248, 52.161984, 52.161984, 51.370055
2081,3,4.1909880094014,9,9,6,6.404292915387401,6.404292915387401,8.691078943591602, 44.123185, 44.123185, 33.837007
2082,4,4.504013983739531,4,4,4,2.143324065041874,2.143324065041874,2.143324065041874, 20.15938, 20.15938, 20.15938
2083,3,2.499558708876331,18,18,11,14.133609240226043,14.133609240226043,19.390615202360365, 59.125666, 59.125666, 46.885761
2084,2,3.9518197690063275,12,12,8,13.097732771924072,13.097732771924072,15.404803847949381, 60.51957, 60.51957, 47.019362
2085,3,3.3102557071933987,10,10,7,9.974675928066013,9.974675928066013,12.935152049646206, 43.077233, 43.077233, 36.106942
2086,3,0.857427880064574,45,45,15,27.863071397094174,27.863071397094174,51.2990707990314, 66.447326, 66.447326, 64.160489
2087,2,2.0851164967175806,13,13,9,12.169589542671446,12.169589542671446,13.990770529541777, 39.276104, 39.276104, 32.756819
2088,3,0.202974303689214,45,45,40,75.04127433398537,75.04127433398537,76.05614585243144, 84.175118, 84.175118, 84.175118
2089,2,3.2466193169889017,9,9,6,9.088363147099887,9.088363147099887,10.38973809806659, 38.307937, 38.307937, 29.869454
2090,2,3.517449479256172,8,8,6,6.86392316595062,6.86392316595062,8.231159124462966, 35.003519, 35.003519, 29.335856
2091,2,2.889380095387892,8,8,6,6.678476236896866,6.678476236896866,7.72538342767265, 29.793517, 29.793517, 25.061664
2092,2,0.16094183929990846,30,30,30,71.24594982100275,71.24594982100275,71.24594982100277, 76.074205, 76.074205, 76.074205
2093,4,2.616056456023763,12,12,6,4.503998527714842,4.503998527714842,9.925666263857426, 35.896676, 35.896676, 25.622005
2094,3,0.30548219548084454,45,45,16,25.986786203361998,25.986786203361998,33.60393387230649, 39.733485, 39.733485, 38.491649
2095,2,2.6611991730710303,18,18,12,25.658691884721456,25.658691884721456,30.97838092314764, 73.560277, 73.560277, 62.912771
2096,3,1.8531846603541124,16,16,8,15.209744434334198,15.209744434334198,24.666962717167102, 44.860699, 44.860699, 39.49244
2097,4,4.409997177129546,4,4,4,0.41283729148181436,0.41283729148181436,0.41283729148181436, 18.052826, 18.052826, 18.052826
2098,3,1.0644334788734344,33,33,15,13.753933197176664,13.753933197176664,23.769205816898488, 48.880238, 48.880238, 39.735708
2099,3,4.632297855908042,6,6,4,1.9709208645517506,1.9709208645517506,3.040861576367835, 29.764708, 29.764708, 21.570053
2100,2,3.3477226489651253,7,7,5,5.375473457244123,5.375473457244123,5.980870755174377, 28.809532, 28.809532, 22.719484
2101,3,3.3019747697906436,7,7,5,3.0654376114654944,3.0654376114654944,3.8610461510467853, 26.179261, 26.179261, 20.37092
2102,4,2.627470272718482,18,18,10,15.527708091067318,15.527708091067318,27.003615272815182, 62.822173, 62.822173, 53.278318
2103,3,1.875932692918263,21,21,11,17.75744344871648,17.75744344871648,26.518206377899112, 57.15203, 57.15203, 47.153466
2104,2,3.936522187525921,6,6,4,5.353538874844471,5.353538874844471,6.2506702498963165, 28.972672, 28.972672, 21.996759
2105,4,4.638330355463125,14,14,8,8.04897302351624,8.04897302351624,14.369406156295003, 72.985598, 72.985598, 51.476049
2106,3,4.388613779490389,3,3,3,-0.8265173384711684,-0.8265173384711684,-0.8265173384711684, 12.339324, 12.339324, 12.339324
2107,3,2.1560079126038394,12,12,7,7.30032204875393,7.30032204875393,10.770221611773122, 33.172417, 33.172417, 25.862277
2108,4,0.6712442702354948,44,44,14,10.174710109638227,10.174710109638227,26.26517621670308, 39.709458, 39.709458, 35.662596
2109,4,3.224159669707783,11,11,6,5.004963633214388,5.004963633214388,8.313564981753304, 40.47072, 40.47072, 27.658523
2111,3,4.8156348242324105,3,3,3,1.1774635273027698,1.1774635273027698,1.1774635273027698, 15.624368, 15.624368, 15.624368
2112,3,3.061465739974377,24,24,14,25.003251240614958,25.003251240614958,37.509122640358726, 98.478429, 98.478429, 80.369643
2113,2,4.043987243397639,7,7,5,6.46631029621652,6.46631029621652,7.734793783011806, 34.774221, 34.774221, 27.95473
2114,2,1.2061962929216903,30,30,21,53.60613121234928,53.60613121234928,58.65242384864452, 89.79202, 89.79202, 83.982546
2115,4,2.185568370978826,17,17,10,11.185009693359959,11.185009693359966,18.28284129021175, 48.339672, 48.339672, 40.138525
2116,3,0.18519950615422442,45,45,27,55.4586122230599,55.4586122230599,57.749807333835946, 63.79259, 63.79259, 62.750194
2117,4,4.035096246403468,8,8,4,1.9991160287722565,1.9991160287722565,4.23598101438613, 34.279886, 34.279886, 20.376366
2118,4,1.8895264083744174,40,40,19,25.1901036650233,25.1901036650233,44.826972240886086, 100.77116, 100.77116, 80.727974
2119,4,0.22183306095211464,60,60,38,67.05545934287312,67.05545934287312,71.52756768381965, 80.365443, 80.365443, 79.957224
2120,2,1.842567724950619,16,16,10,17.2293354007901,17.2293354007901,21.490917750493814, 46.710419, 46.710419, 39.916595
2121,3,0.48363732321843156,45,45,21,35.224371455170576,35.224371455170576,44.26426121241295, 56.988051, 56.988051, 54.420645
2122,4,2.345397504067139,12,12,7,7.4606939511943295,7.4606939511943295,11.04638247153003, 35.605464, 35.605464, 27.464165
2123,2,4.540140878246283,12,12,9,13.644284461044606,13.644284461044606,15.677229095783456, 68.125975, 68.125975, 56.538497
2124,2,1.229706044136107,30,30,21,51.225628675916795,51.225628675916795,55.25266907314176, 88.11681, 88.11681, 81.076496
2125,3,0.008011918654842742,45,45,40,59.19670466053208,59.19670466053208,59.23676425380629, 59.557241, 59.557241, 59.557241
2126,4,2.6137376243180928,16,16,9,8.013342010910513,8.013342010910513,13.35863538113717, 49.833144, 49.833144, 36.882274
2127,3,3.15059426219766,9,9,6,5.552388640221061,5.552388640221061,7.172315426814039, 33.907737, 33.907737, 26.075881
2128,3,1.4324912011426938,21,21,11,13.04121977600343,13.04121977600343,19.971111787430374, 43.123535, 43.123535, 35.728515
2129,2,0.4389394712613398,30,30,25,63.9683848621598,63.9683848621598,64.5937742184665, 77.136569, 77.136569, 75.567261
2130,4,0.03466921992941574,60,60,40,46.94384680423506,46.94384680423506,47.63723120282338, 49.024, 49.024, 49.024
2131,3,4.867375616988198,6,6,4,2.1026642980708097,2.1026642980708097,3.444483532047208, 31.306918, 31.306918, 22.913986
2132,4,4.674295383888643,8,8,5,3.671509928890856,3.671509928890856,5.407799080556783, 41.065873, 41.065873, 28.779276
2133,2,4.809586229575872,6,6,4,4.8854506225447665,4.8854506225447665,6.1249480816965125, 33.742968, 33.742968, 25.363293
2134,2,3.8096377040544556,21,21,15,38.85714821485642,38.85714821485642,45.332844439183184, 118.85954, 118.85954, 102.47741
2135,3,4.894946919166383,6,6,4,4.205554485001699,4.205554485001699,5.260971323334466, 33.575236, 33.575236, 24.840759
2136,2,3.315314242685792,18,18,12,19.652393631655755,19.652393631655755,23.95162208777051, 79.32805, 79.32805, 63.735393
2137,2,3.4706487584051997,5,5,4,3.3788942079739996,3.3788942079739996,3.653629966379204, 20.732138, 20.732138, 17.536225
2138,4,3.5685075868438365,14,14,8,7.785530784186285,7.785530784186285,14.633437305249306, 57.744637, 57.744637, 43.181498
2139,3,0.6080749490528964,45,45,14,23.51588929261966,23.51588929261966,41.07603171325946, 50.879262, 50.879262, 49.589081
2140,4,1.6597336178516593,29,29,14,16.67493008230187,16.674930082301877,33.95320635007677, 64.807205, 64.807205, 57.189477
2141,3,3.166383849084109,11,11,7,9.646312660074798,9.646312660074798,13.948783056411239, 44.476535, 44.476535, 36.11347
2142,4,0.6622793869488258,42,42,14,9.385812748149313,9.385812748149316,23.341208582716444, 37.201547, 37.201547, 32.61312
2143,2,2.027723156982117,17,17,11,21.02331033130401,21.02331033130401,25.339434273196712, 55.494604, 55.494604, 47.644389
2144,4,1.9300417508082717,22,22,11,13.292359482218025,13.292359482218025,27.35396974110901, 55.753278, 55.753278, 48.584429
2145,4,0.8740186143477485,40,40,14,10.644018426090057,10.644018426090057,28.92915939913152, 45.604763, 45.604763, 41.16542
2146,3,0.6814852355440459,45,45,19,28.47801040051793,28.47801040051793,41.30790052466314, 59.144846, 59.144846, 54.25612
2147,2,3.1606427073421073,9,9,6,11.23569363392103,11.23569363392103,12.872677755947358, 39.681478, 39.681478, 31.836534
2148,2,3.8237224370898653,4,4,3,1.1574732516405373,1.1574732516405373,1.569421688730404, 16.452363, 16.452363, 13.040589
2149,2,0.19647058837680198,30,30,30,68.11868234869594,68.11868234869594,68.11868234869594, 74.0128, 74.0128, 74.0128
2151,4,3.694299002712864,9,9,5,4.442528975584224,4.442528975584224,6.793393986435679, 37.69122, 37.69122, 25.264889
2152,2,0.5891173604444655,30,30,13,22.818627186666035,22.818627186666035,29.784844314221953, 40.492148, 40.492148, 37.44337
2153,3,1.5333694129544484,21,21,12,9.452232327956587,9.452232327956587,14.088936044546626, 41.65299, 41.65299, 32.489369
2154,2,4.137982404552655,6,6,4,4.613241572684068,4.613241572684068,5.579529381789378, 29.441136, 29.441136, 22.131459
2155,2,3.535405129124678,10,10,7,11.249654708753226,11.249654708753226,12.391845096127259, 46.603706, 46.603706, 37.139681
2156,2,2.732093669653295,12,12,9,17.46760996416046,17.46760996416046,19.998780973120347, 50.252734, 50.252734, 44.587624
2157,2,1.9163469428512159,16,16,11,27.502013914380544,27.502013914380544,31.77549762863663, 58.163565, 58.163565, 52.855314
2158,4,4.000128212441191,9,9,5,4.606306088029285,4.606306088029285,7.922079937794044, 40.60746, 40.60746, 27.922721
2159,2,3.282660548145401,10,10,7,12.494023518545987,12.494023518545987,15.480125162982194, 45.320629, 45.320629, 38.458749
2160,2,1.3287218174747832,30,30,17,35.25451147575651,35.25451147575651,44.25062010292869, 75.116166, 75.116166, 66.838891
2161,2,1.5743775727890381,20,20,13,22.32007654421924,22.32007654421924,26.03455955374251, 53.807628, 53.807628, 46.501468
2162,3,1.0323201990862336,33,33,14,17.595926430154293,17.595926430154293,31.647505212792737, 51.662493, 51.662493, 46.099988
2163,3,4.94449119180358,5,5,3,2.9073520409821008,2.9073520409821008,3.6951574245892598, 27.629808, 27.629808, 18.528631
2164,3,3.312293547915726,8,8,5,4.967596616674189,4.967596616674193,7.06696126042137, 31.465945, 31.465945, 23.628429
2165,4,0.8150234723835548,60,60,20,31.761170656986707,31.761170656986707,60.09079855232891, 80.662579, 80.662579, 76.391268
2166,4,1.6585580511338405,23,23,10,10.589438823921668,10.589438823921675,25.8329374886616, 48.736274, 48.736274, 42.418518
2168,4,4.680209186280948,7,7,4,3.7061086960333682,3.7061086960333682,6.520742254876211, 36.467573, 36.467573, 25.241579
2169,3,3.74023479635116,6,6,4,3.9255752218930375,3.9255752218930375,4.7840048145953595, 26.366984, 26.366984, 19.744944
2170,3,4.835788452992398,5,5,3,2.349717735038009,2.349717735038009,3.1393166410228037, 26.52866, 26.52866, 17.646682
2171,2,4.83334015432472,6,6,4,4.557131074051682,4.557131074051682,5.967618382701123, 33.557172, 33.557172, 25.300979
2172,2,4.593347767409005,6,6,5,6.0518363955459655,6.0518363955459655,6.446564162954973, 33.611923, 33.611923, 29.413303
2173,4,4.750134074024409,12,12,7,6.447968111707091,6.447968111707091,10.842666481829134, 63.449577, 63.449577, 44.093605
2174,4,4.439891814002467,6,6,4,1.7354911159852016,1.7354911159852051,3.1523617439901344, 28.374842, 28.374842, 20.911929
2175,2,3.9035197977357567,6,6,4,4.404130213585461,4.404130213585461,5.761236809056976, 27.825249, 27.825249, 21.375316
2176,4,4.087298697295117,8,8,5,3.368111421639064,3.368111421639064,5.745234513524413, 36.066501, 36.066501, 26.181728
2177,3,2.7371550207271,14,14,9,12.447466709820603,12.447466709820603,18.0755528134561, 50.767637, 50.767637, 42.709948
2178,3,4.195644079104161,8,8,5,4.619838367166707,4.619838367166707,6.448381604479194, 38.184991, 38.184991, 27.426602
2179,2,2.3637012966107145,16,16,11,20.81964425422857,20.81964425422857,24.687776737282142, 58.638865, 58.638865, 50.688491
2180,4,4.371407825040661,8,8,4,2.308283399674714,2.308283399674714,5.057804699837355, 37.279546, 37.279546, 22.543436
2182,4,4.577370173444756,9,9,5,4.3664354389972,4.3664354389972,6.990306132776221, 45.562767, 45.562767, 29.877157
2183,2,2.027663365360434,14,14,10,13.660231884953927,13.660231884953927,16.252972346395666, 42.047519, 42.047519, 36.529606
2184,2,3.4370272114148803,8,8,6,7.155056308680958,7.155056308680958,8.244643731510724, 34.651274, 34.651274, 28.866807
2185,4,4.139374155867685,4,4,4,0.89955137652926,0.89955137652926,0.89955137652926, 17.457048, 17.457048, 17.457048
2186,4,2.8842252810691438,12,12,7,6.740406627170273,6.740406627170273,10.630672032515996, 41.35111, 41.35111, 30.820249
2187,4,4.7460876448122455,4,4,4,-0.9345055792489809,-0.9345055792489809,-0.9345055792489809, 18.049845, 18.049845, 18.049845
2188,4,1.946565911998348,16,16,8,6.909775408026434,6.909775408026434,13.002288704013216, 38.05483, 38.05483, 28.574816
2189,3,4.745440278350051,6,6,4,4.0738273298996965,4.0738273298996965,5.621708886599798, 32.546469, 32.546469, 24.60347
2190,2,1.5335222306051643,16,16,10,15.93609231031737,15.93609231031737,20.02911369394836, 40.472448, 40.472448, 35.364336
2191,3,0.327600033718235,45,45,26,43.86477748267943,43.86477748267943,47.6398481233259, 58.606779, 58.606779, 56.157449
2192,3,0.29247453797556056,45,45,34,54.63465479109978,54.63465479109978,56.42658370883095, 67.796009, 67.796009, 66.370718
2193,3,3.848432367193592,3,3,3,-0.6977281015807755,-0.6977281015807755,-0.6977281015807755, 10.847569, 10.847569, 10.847569
2194,4,2.4347415275660267,21,21,11,10.95994492111344,10.95994492111344,19.214814196773712, 62.089517, 62.089517, 45.996971
2195,3,0.808650071186246,45,45,15,19.608719796618935,19.608719796618935,40.70330093220632, 55.997973, 55.997973, 52.833052
2196,2,3.0657523271611304,7,7,5,6.129522709872088,6.129522709872088,6.922757364194345, 27.589789, 27.589789, 22.251519
2197,2,3.6642035434104074,4,4,3,1.00512082635837,1.00512082635837,1.387831369768779, 15.661935, 15.661935, 12.380442
2198,4,2.0386464026366955,24,24,13,12.18137933671931,12.18137933671931,22.255856765722964, 61.108893, 61.108893, 48.75826
2199,3,0.05800205220748589,45,45,32,38.558379650663134,38.558379650663134,39.039009329360454, 41.168472, 41.168472, 40.895075
2200,3,2.9835740874129653,11,11,7,6.12528403845738,6.12528403845738,8.480269388109246, 38.944599, 38.944599, 29.365288
2201,2,2.993609519206034,12,12,8,17.515961769527593,17.515961769527593,20.53080084635173, 53.439276, 53.439276, 44.479677
2202,2,3.976541815021019,12,12,9,12.228748219747764,12.228748219747764,13.877522664810828, 59.94725, 59.94725, 49.666399
2203,3,3.5435962531495817,12,12,7,9.839448962205019,9.839448962205019,13.505546227952932, 52.362604, 52.362604, 38.31072
2204,4,0.605803954049704,60,60,24,41.70326075701776,41.70326075701776,58.375061102807116, 78.051498, 78.051498, 72.914356
2205,4,2.7905259444934343,15,15,8,8.482861832598488,8.482861832598488,15.154557444052529, 50.340751, 50.340751, 37.478765
2206,3,2.116027607175723,18,18,10,15.253741070836988,15.253741070836988,22.957085928242773, 53.342238, 53.342238, 44.117362
2207,3,4.044940952607462,7,7,5,4.9096323317477655,4.9096323317477655,6.109349236962691, 33.224219, 33.224219, 26.334054
2208,3,3.018221115218522,16,16,10,17.14248415650365,17.14248415650365,23.746294847814788, 65.434022, 65.434022, 53.928506
2209,4,3.9953110233182394,8,8,5,6.385771813454088,6.385771813454088,8.297010883408802, 38.34826, 38.34826, 28.273566
2210,2,1.3624898127213647,17,17,11,13.414697183736802,13.414697183736802,16.346620060064993, 36.577024, 36.577024, 31.334008
2211,3,4.367899340605145,6,6,4,4.416511956369128,4.416511956369128,5.552380637579418, 30.623908, 30.623908, 23.023978
2212,3,4.812554311038656,7,7,4,3.5908658227294055,3.5908658227294126,4.973999755845377, 37.278746, 37.278746, 24.224217
2214,2,2.443390600051142,11,11,8,8.638850399437434,8.638850399437434,9.809935199590866, 35.516147, 35.516147, 29.35706
2215,4,4.845945589754494,4,4,4,-2.385112359017974,-2.385112359017974,-2.385112359017974, 16.99867, 16.99867, 16.99867
2216,2,1.3988360920851461,28,28,16,28.523655421615913,28.523655421615913,35.222354526637666, 67.691066, 67.691066, 57.603732
2217,2,3.1618935797308585,12,12,9,14.3471910432297,14.3471910432297,16.049541782422274, 52.289914, 52.289914, 44.506584
2218,2,0.9378901551734109,30,30,19,48.83692434479768,48.83692434479768,55.3904910517052, 76.973629, 76.973629, 73.210404
2219,4,3.546174707055318,15,15,8,6.897619394170228,6.897619394170228,12.082471343557458, 60.09024, 60.09024, 40.451869
2220,3,4.27539325431756,10,10,6,7.689028456824396,7.689028456824396,10.53055847409464, 50.442961, 50.442961, 36.182918
2221,3,4.501341574317308,9,9,6,6.920408831144222,6.920408831144222,10.275771554096153, 47.432483, 47.432483, 37.283821
2222,4,2.7305446553396195,31,31,16,24.76272568447179,24.762725684471803,47.6062275145661, 109.40961, 109.40961, 91.294942
2223,3,3.15647513687318,13,13,8,13.715455220648657,13.715455220648657,19.696814905014563, 54.749632, 54.749632, 44.948616
2224,3,3.5399242931451202,6,6,4,4.120276241129279,4.120276241129279,4.862572827419518, 25.359822, 25.359822, 19.02227
2225,2,0.6327455224490469,30,30,20,41.79942032652859,41.79942032652859,44.331606551019064, 60.781786, 60.781786, 56.986517
2226,3,1.5858643610841665,39,39,19,23.920949917717508,23.920949917717508,41.389428139400835, 85.76966, 85.76966, 71.520851
2227,2,4.688579213607326,18,18,13,22.10478415506813,22.10478415506813,25.10462322310476, 106.49921, 106.49921, 86.056153
2228,3,4.285772972955813,6,6,4,2.987356162265119,2.987356162265119,4.089452108176747, 28.701994, 28.701994, 21.232544
2229,2,1.6919541560592277,22,22,14,18.618686566696994,18.618686566696994,22.960687815170818, 55.841678, 55.841678, 46.648046
2230,2,3.689896824535945,6,6,5,5.230600052784329,5.230600052784329,5.718967877320276, 27.369981, 27.369981, 24.168452
2231,2,0.845589365282366,30,30,13,26.015153041529025,26.015153041529025,37.39159325132925, 51.382834, 51.382834, 48.384255
2232,4,0.050258257986139365,60,60,30,41.870373520831635,41.870373520831635,43.08127026041583, 44.885869, 44.885869, 44.589018
2233,2,0.895635513910964,30,30,13,26.61202558267108,26.61202558267108,38.96478531915747, 53.481091, 53.481091, 50.608047
2234,4,2.5297679367422923,14,14,8,7.302759885607905,7.302759885607905,12.67209250606166, 42.719511, 42.719511, 32.910236
2235,4,0.03747591947300566,60,60,28,61.27286883161966,61.27286883161966,62.340094254755854, 63.521424, 63.521424, 63.38942
2236,3,1.8298549310922985,18,18,10,12.001209240338625,12.001209240338625,19.467838689077013, 44.938598, 44.938598, 37.766388
2237,4,0.7964162203317848,60,60,33,66.78734678009292,66.78734678009292,84.15283472905111, 114.57232, 114.57232, 110.43457
2238,3,0.11749515383292497,45,45,25,37.96642807751837,37.96642807751837,39.85618315417688, 43.25371, 43.25371, 42.793562
2239,3,2.6426219369187613,15,15,8,9.548276946218579,9.548276946218579,14.898256504649908, 49.187606, 49.187606, 36.039232
2240,4,0.303055043344197,60,60,24,35.509882399348186,35.509882399348186,44.580637959739285, 53.693185, 53.693185, 51.853959
2241,4,2.942248135975833,15,15,8,6.990072960362504,6.990072960362511,13.051089912193339, 51.123795, 51.123795, 36.589075
2243,3,4.5242641351560575,6,6,4,2.1640401890636554,2.1640401890636554,3.541682459375771, 29.309625, 29.309625, 21.638739
2244,4,0.7529437836482106,52,52,12,12.260059250293054,12.260059250293054,41.20372859622148, 51.413136, 51.413136, 50.239054
2245,2,4.652786356357831,2,2,2,1.2181492872843371,1.2181492872843371,1.2181492872843371, 10.523722, 10.523722, 10.523722
2246,4,4.289044105782545,6,6,4,2.5019753653047268,2.5019753653047303,3.6487415768698206, 28.23624, 28.23624, 20.804918
2247,2,0.24042769111356277,30,30,30,100.66258926659312,100.66258926659312,100.66258926659312, 107.87542, 107.87542, 107.87542
2248,4,4.969718380588452,5,5,4,2.3065130970577385,2.3065130970577385,3.007637477646192, 27.155105, 27.155105, 22.886511
2249,2,1.2780992526574004,16,16,10,16.865106957481593,16.865106957481593,20.367589473425994, 37.314695, 37.314695, 33.148582
2251,4,4.493092113592091,4,4,4,1.467462545631637,1.467462545631637,1.467462545631637, 19.439831, 19.439831, 19.439831
2252,3,0.5890442981805055,45,45,28,48.98350258187725,48.98350258187725,54.359643650945856, 75.490496, 75.490496, 70.852884
2253,2,2.0275488528419316,22,22,14,38.10896923747751,38.10896923747751,45.90647306021296, 82.715044, 82.715044, 74.292157
2254,2,4.618001307860739,2,2,2,0.024350984278521892,0.024350984278521892,0.024350984278521892, 9.2603536, 9.2603536, 9.2603536
2255,3,0.8080544525329764,39,39,16,15.587092351213919,15.587092351213919,31.110846759472384, 47.101216, 47.101216, 44.039718
2256,2,0.09667526997720777,30,30,27,38.447927900683766,38.447927900683766,38.491000710615396, 41.348186, 41.348186, 41.101233
2257,2,3.506862125504493,7,7,5,7.555527121468547,7.555527121468547,8.399736372477536, 32.103562, 32.103562, 25.934047
2258,3,3.3790190843344057,19,19,12,20.74859339764629,20.748593397646303,29.619950987987142, 84.949956, 84.949956, 70.16818
2259,3,3.155306901295379,7,7,4,3.238378690932347,3.238378690932347,4.466925394818482, 25.325527, 25.325527, 17.088153
2260,2,3.621620689766437,10,10,7,10.63026710233563,10.63026710233563,11.98101117163494, 46.846474, 46.846474, 37.332356
2261,4,3.961204264212844,7,7,4,3.11972315051009,3.1197231505100937,5.408679943148623, 30.848153, 30.848153, 21.253497
2262,3,3.781249686352297,8,8,5,4.293593509181619,4.293593509181623,6.160402568238517, 34.543591, 34.543591, 25.066651
2263,4,4.746458349992696,4,4,4,-0.9331813999707848,-0.9331813999707848,-0.9331813999707848, 18.052652, 18.052652, 18.052652
2264,4,0.24942460272907585,60,60,31,70.22093083625545,70.22093083625545,76.41549031539867, 85.186407, 85.186407, 84.147653
2265,4,4.834452161101655,14,14,8,12.917365744576813,12.917365744576813,19.95142271118676, 80.599696, 80.599696, 58.62704
2266,2,1.1280974352016848,28,28,15,24.973600814352828,24.973600814352828,33.34003247197473, 56.560329, 56.560329, 50.261494
2267,4,0.3056542346820168,60,60,27,30.50791891907899,30.50791891907899,38.26892466358555, 48.847173, 48.847173, 46.521589
2268,2,4.314565528369065,6,6,5,6.017681829785612,6.017681829785612,6.490349358154677, 31.905075, 31.905075, 28.063177
2269,3,1.3470736837950965,37,37,16,25.790707699581432,25.790707699581432,47.76417705927847, 75.632434, 75.632434, 69.317356
2270,3,2.9263460827922354,16,16,10,16.017357675324234,16.017357675324234,21.96817717207765, 62.838895, 62.838895, 51.231638
2271,2,3.2771260963460036,6,6,4,3.8214544219239777,3.8214544219239777,4.412251614615984, 23.484211, 23.484211, 17.520756
2272,2,4.399946570515566,2,2,2,0.6667493589688682,0.6667493589688682,0.6667493589688682, 9.4666425, 9.4666425, 9.4666425
2273,3,3.6195231188042465,9,9,6,7.1837379307617795,7.1837379307617795,9.195663287174522, 39.759446, 39.759446, 30.912802
2274,4,3.462203061851169,14,14,8,8.11480313408363,8.11480313408363,13.744146505190653, 56.585646, 56.585646, 41.441771
2275,3,2.324916525896119,12,12,7,10.59924968924657,10.59924968924657,14.477297318727167, 38.498248, 38.498248, 30.751713
2276,3,3.2373702145984677,21,21,12,18.568347493432185,18.568347493432185,28.32993842481839, 86.553122, 86.553122, 67.178381
2277,2,2.456095593834263,10,10,7,7.767238061657373,7.767238061657373,8.780415843160162, 32.328194, 32.328194, 25.973085
2279,2,4.221776189967531,14,14,10,25.217985340454568,25.217985340454568,29.184083100324692, 84.322852, 84.322852, 71.401845
2280,4,0.3699594983341098,60,60,25,56.59761709995341,56.59761709995341,67.34122954164727, 78.795187, 78.795187, 76.590217
2281,2,2.1532776457924205,10,10,7,15.281982542075795,15.281982542075795,16.770152479453056, 36.814759, 36.814759, 31.843096
2282,2,2.329018072081122,12,12,8,15.638508135026537,15.638508135026537,19.602049423351026, 43.586725, 43.586725, 38.234194
2283,2,3.2538733066035714,6,6,4,4.743885160378571,4.743885160378571,5.504000773585716, 24.267125, 24.267125, 18.519494
2284,3,3.8337105836139855,3,3,3,0.7983232491580434,0.7983232491580434,0.7983232491580434, 12.299455, 12.299455, 12.299455
2285,2,1.743224067435825,18,18,11,21.31444178615515,21.31444178615515,26.74583825820593, 52.692475, 52.692475, 45.921303
2286,4,4.087155741556135,5,5,4,1.5504172922193256,1.5504172922193256,2.2893510337754606, 21.986196, 21.986196, 18.637974
2287,2,4.915760764550383,9,9,6,8.885711119046555,8.885711119046555,10.173794412697706, 53.127558, 53.127558, 39.668359
2288,2,3.3199534278281666,11,11,8,11.820681293890175,11.820681293890175,13.834302577374666, 48.340169, 48.340169, 40.39393
2289,4,1.2464297735240066,36,36,17,13.251411153135763,13.251411153135763,26.085259850091887, 58.122883, 58.122883, 47.274566
2290,2,2.6357792821419226,12,12,9,19.601419614296926,19.601419614296926,21.7073534607227, 51.230771, 51.230771, 45.429367
2291,3,1.2380432993988966,29,29,14,17.108607317431996,17.108607317431996,29.600566808415444, 53.011863, 53.011863, 46.933173
2292,3,1.4842764866020064,21,21,11,9.744308781357866,9.744308781357866,14.913659647377933, 40.914115, 40.914115, 31.240701
2293,4,1.9094601366889057,40,40,16,25.190804532443764,25.190804532443764,63.437861812977516, 101.56921, 101.56921, 93.989224
2294,3,3.7937752922154075,6,6,4,2.887926246707554,2.887926246707554,4.0354368311383695, 25.650578, 25.650578, 19.210538
2295,3,1.726926726813729,32,32,16,20.340306741960674,20.340306741960674,33.05497337098034, 75.601962, 75.601962, 60.685801
2296,2,4.382909498690007,5,5,4,3.1978795065499632,3.1978795065499632,3.57171900523997, 25.112427, 25.112427, 21.103357
2297,3,3.275510497892963,9,9,6,6.0187545189633305,6.0187545189633305,8.540157012642224, 35.498349, 35.498349, 28.19322
2298,2,0.7187038999707096,30,30,14,24.64866400087871,24.64866400087871,34.15585740041007, 46.209781, 46.209781, 44.217712
2300,3,1.2311683374528388,45,45,22,42.77064181462225,42.77064181462225,59.623666576037564, 98.173217, 98.173217, 86.70937
2301,4,3.7869573248797335,13,13,8,8.512658776563462,8.51265877656347,13.346681400962131, 57.743104, 57.743104, 43.64234
2302,3,2.668561507698305,12,12,8,10.98429690762034,10.98429690762034,14.968267938413561, 43.007035, 43.007035, 36.31676
2303,4,0.21124894651806891,60,60,32,48.98653820891587,48.98653820891587,53.7460637114218, 61.661475, 61.661475, 60.50603
2304,2,0.613156327753232,30,30,16,20.584663167403043,20.584663167403043,25.131327755948288, 38.979353, 38.979353, 34.941829
2305,2,2.7794896536452702,9,9,6,8.375405117192564,8.375405117192564,9.870942078128383, 33.390812, 33.390812, 26.54788
2306,4,0.48895817709698974,60,60,19,18.694078374180613,18.694078374180613,35.005390635157205, 48.031569, 48.031569, 44.295596
2307,4,0.7241374522009547,41,41,16,10.078323459760853,10.078323459760856,24.219153764784725, 39.767959, 39.767959, 35.805353
2308,4,1.9554339903621072,24,24,12,13.061338231309428,13.061338231309428,22.643204115654722, 59.991754, 59.991754, 46.108412
2309,3,0.44209862764655994,45,45,37,95.76425175590481,95.76425175590481,98.1133007770773, 115.65869, 115.65869, 114.47095
2310,3,2.818033394605809,21,21,12,18.616222713278006,18.616222713278006,29.163857264730296, 77.794924, 77.794924, 62.980258
2311,4,3.2757220645176317,16,16,8,9.843371967717893,9.843371967717893,18.96787148385895, 62.254925, 62.254925, 45.173648
2312,2,0.17535556832035726,30,30,24,35.784087950389285,35.784087950389285,36.05967536031143, 41.044755, 41.044755, 40.268209
2313,3,1.154204139144492,23,23,10,12.615858799676683,12.615858799676687,24.47078160855508, 39.162554, 39.162554, 36.012823
2314,4,1.2434185466828511,36,36,17,13.627222319417363,13.627222319417363,25.910778706391536, 58.39029, 58.39029, 47.048894
2315,2,3.336361068348677,8,8,6,6.962417453210584,6.962417453210584,7.773506589907937, 33.653306, 33.653306, 27.791673
2316,4,2.2042538995749834,27,27,13,13.862760711475445,13.862760711475445,27.968770305525222, 73.377616, 73.377616, 56.624071
2317,4,4.634319550729822,8,8,4,2.219937594161422,2.219937594161422,5.22922679708071, 39.294494, 39.294494, 23.766505
2318,3,0.3483302960450724,45,45,21,38.42569767797174,38.42569767797174,45.55946278305348, 54.100561, 54.100561, 52.874399
2319,4,3.484186599675261,27,27,14,20.287281808767972,20.287281808767972,38.11607860454635, 114.36032, 114.36032, 86.894691
2321,4,0.4741705113617273,60,60,15,34.75509631829636,34.75509631829636,54.5571683295741, 63.205327, 63.205327, 61.669726
2322,2,0.5914418961978013,30,30,16,24.796880114065964,24.796880114065964,30.81673566083518, 42.540137, 42.540137, 40.279806
2323,3,0.7416305437621079,45,45,23,49.08814453070514,49.08814453070514,62.387765493471534, 82.461519, 82.461519, 79.445268
2324,3,3.7195176562423033,8,8,5,3.3830457500615694,3.383045750061573,5.110874718788481, 33.139187, 33.139187, 23.708463
2325,3,4.211848961401578,25,25,15,24.09487596496055,24.09487596496055,34.53825857897634, 129.3911, 129.3911, 97.715993
2326,3,1.4448040743082928,42,42,18,29.306422879051695,29.306422879051695,57.450762662450735, 89.988194, 89.988194, 83.457236
2327,4,4.107998929312187,6,6,4,2.288998424126877,2.2889984241268806,3.564537282751253, 26.936992, 26.936992, 19.996533
2328,3,0.9969874894869879,45,45,18,21.77510997308554,21.77510997308554,39.60219918923423, 66.639547, 66.639547, 57.547974
2329,2,0.7445498894253377,30,30,22,64.78712431723987,64.78712431723987,67.32987043264258, 87.123621, 87.123621, 83.709968
2330,4,2.925583017145736,10,10,6,3.9974158285426356,3.997415828542639,6.612374897125586, 33.253246, 33.253246, 24.165873
2331,3,3.9828750960151886,3,3,3,0.09070071195443496,0.09070071195443496,0.09070071195443408, 12.039326, 12.039326, 12.039326
2332,2,3.073939229298755,12,12,9,18.01340524841494,18.01340524841494,19.986111936311207, 54.900676, 54.900676, 47.651565
2333,4,4.427314704603988,11,11,6,4.3304962493561305,4.3304962493561305,8.355931772376078, 53.030958, 53.030958, 34.91982
2334,4,0.387011051377254,60,60,26,47.48585491736476,47.48585491736476,57.64668466419141, 70.706518, 70.706518, 67.708972
2335,3,1.1239068031449957,27,27,12,13.299808315085116,13.299808315085116,25.554036362260053, 43.645292, 43.645292, 39.040918
2336,4,2.133817440119945,16,16,8,7.840535958080878,7.840535958080878,14.956645479040445, 41.981615, 41.981615, 32.027185
2337,3,3.0612616070552368,9,9,5,4.561047536502869,4.561047536502869,7.286603964723815, 32.112402, 32.112402, 22.592912
2338,2,2.6523321454965947,16,16,11,21.092897672054484,21.092897672054484,25.721909399537463, 63.530212, 63.530212, 54.897563
2339,2,0.9147389179420795,28,28,15,23.846441297621773,23.846441297621773,31.22020623086881, 49.459131, 49.459131, 44.94129
2340,2,3.383356832847772,7,7,5,4.820291170065598,4.820291170065598,5.6727348357611405, 28.503789, 28.503789, 22.589519
2341,3,2.547398353285431,12,12,7,10.382001760574823,10.382001760574823,14.490779527001983, 40.950782, 40.950782, 32.322568
2342,2,4.4708294598292735,4,4,3,1.4313601606829067,1.4313601606829067,1.7549166205121791, 19.314678, 19.314678, 15.167405
2343,3,1.5457390410222838,28,28,14,19.837219851376055,19.837219851376055,32.81852242568804, 63.117913, 63.117913, 54.458869
2344,4,1.017087492595012,33,33,13,11.572617744364607,11.572617744364607,26.276017596264843, 45.136505, 45.136505, 39.498155
2345,2,1.9121261775099196,18,18,12,23.620293804821443,23.620293804821443,28.04132586988097, 58.038565, 58.038565, 50.98684
2346,4,2.9184827799234587,12,12,7,5.707384640918491,5.707384640918491,11.09888454053579, 40.729178, 40.729178, 31.528264
2347,3,0.8454469082420191,42,42,15,17.177956853835198,17.177956853835198,33.94923637636972, 52.686727, 52.686727, 46.63094
2348,4,1.01441942485107,45,45,17,15.280990881701847,15.280990881701847,37.60179577753182, 60.929865, 60.929865, 54.846926
2349,4,1.2544916155182722,31,31,13,12.126449918933567,12.126449918933567,29.80324599826247, 51.01569, 51.01569, 46.111637
2350,4,2.208079200431538,19,19,10,7.045774191800774,7.045774191800781,14.082804995684622, 48.999279, 48.999279, 36.163597
2351,3,2.987440156143104,12,12,7,11.202543126282755,11.202543126282755,16.037791906998272, 47.051825, 47.051825, 36.949873
2352,4,0.29169423787129667,60,60,25,56.0310067277222,56.0310067277222,63.94473805321759, 73.532661, 73.532661, 71.237094
2353,4,1.0897661149317535,33,33,13,12.320927207252133,12.32092720725214,28.426778505887214, 48.283209, 48.283209, 42.593738
2354,4,0.8346010595130243,60,60,22,23.343149429218542,23.343149429218542,49.05420969071346, 73.419213, 73.419213, 67.415433
2355,2,1.9268260708557978,20,20,13,24.880475582884046,24.880475582884046,30.39413307887463, 63.416997, 63.416997, 55.442872
2356,2,2.5920541783334268,12,12,8,13.58372785999888,13.58372785999888,15.92794657333259, 44.688378, 44.688378, 36.66438
2357,4,3.5719385029762334,10,10,6,5.206895970237667,5.206895970237667,9.223537982142602, 40.926281, 40.926281, 30.655169
2358,2,0.05551073167663567,30,30,30,57.49480404970093,57.49480404970093,57.49480404970093, 59.160126, 59.160126, 59.160126
2359,2,1.930190954089579,12,12,8,9.618833550925054,9.618833550925054,11.384927367283368, 32.781125, 32.781125, 26.826455
2360,4,2.227149816341982,16,16,9,6.5017709385282885,6.5017709385282885,10.855760652922164, 42.136168, 42.136168, 30.900109
2361,3,0.9768893241082544,39,39,17,18.58561835977808,18.58561835977808,33.82561949015968, 56.684302, 56.684302, 50.432738
2362,3,4.208805015851928,6,6,4,3.2153319048884335,3.2153319048884335,4.278632936592288, 28.468162, 28.468162, 21.113853
2363,2,2.19383544609199,12,12,8,11.248327646896122,11.248327646896122,13.993333431264082, 37.574353, 37.574353, 31.544017
2364,4,4.333236340454477,7,7,4,2.1359526168186562,2.1359526168186562,4.77517463818209, 32.468607, 32.468607, 22.10812
2365,4,4.5265280916126045,4,4,4,-0.5528543664504184,-0.5528543664504184,-0.5528543664504184, 17.553258, 17.553258, 17.553258
2366,4,1.1098883244737057,36,36,13,13.46630731894659,13.46630731894659,33.35833778184183, 53.422287, 53.422287, 47.786886
2367,3,3.4843819715425117,11,11,7,8.04130431303237,8.04130431303237,11.656763199202423, 46.369506, 46.369506, 36.047437
2368,3,0.16826676248962003,45,45,16,34.0232006879671,34.0232006879671,38.40920780016608, 41.595205, 41.595205, 41.101476
2369,3,3.7275852795025726,11,11,7,8.654634925471704,8.654634925471704,11.948436043481994, 49.658073, 49.658073, 38.041533
2370,4,2.5506714441237466,15,15,8,7.3575373381438,7.357537338143807,12.703683447010027, 45.617609, 45.617609, 33.109055
2372,2,3.5764864891910375,10,10,7,10.730797108089625,10.730797108089625,11.981981575662735, 46.495662, 46.495662, 37.017387
2373,2,1.5082458928752485,20,20,12,25.08586214249503,25.08586214249503,31.307678285497026, 55.25078, 55.25078, 49.406629
2374,2,3.422169925066399,8,8,5,6.752451599468806,6.752451599468806,8.344164374668006, 34.129811, 34.129811, 25.455014
2375,2,1.4676563956164324,16,16,10,18.226810670137084,18.226810670137084,21.677574043835676, 41.709313, 41.709313, 36.354138
2376,4,1.0348538403708925,40,40,15,13.224822385164302,13.224822385164302,32.27961139443663, 54.618976, 54.618976, 47.802419
2377,4,4.747861148942726,16,16,9,12.11897461691639,12.11897461691639,19.30520565951546, 88.084753, 88.084753, 62.035956
2378,3,2.90062791363445,14,14,8,13.095427209117695,13.095427209117702,19.467856690924403, 53.704218, 53.704218, 42.67288
2379,3,4.373065071391446,12,12,8,12.311697143302645,12.311697143302645,15.794601428868434, 64.788478, 64.788478, 50.779122
2380,3,4.925769902462837,3,3,3,1.6421122926114897,1.6421122926114897,1.6421122926114897, 16.419422, 16.419422, 16.419422
2382,3,0.9151642371227564,45,45,25,52.13737032947596,52.13737032947596,64.37153107193109, 93.319761, 93.319761, 87.250637
2383,3,2.743119565955381,18,18,10,11.389825812803139,11.389825812803139,17.892248340446198, 60.765978, 60.765978, 45.323444
2384,3,0.2228857667926648,45,45,24,42.48280149433008,42.48280149433008,45.762598596976055, 52.512661, 52.512661, 51.111857
2385,3,3.158115997263779,11,11,7,9.214067030098427,9.214067030098427,12.96708001915355, 43.953343, 43.953343, 35.073892
2387,3,2.546880799259308,18,18,10,13.241287613332453,13.241287613332453,19.599693007406923, 59.085142, 59.085142, 45.068501
2388,4,3.552353224040123,9,9,6,3.7216039836388894,3.721603983638893,5.400386655759261, 35.692783, 35.692783, 26.714506
2389,4,3.8553973754744124,8,8,5,5.2348139962047,5.2348139962047,7.008644122627938, 36.077993, 36.077993, 26.285631
2390,3,0.7219801610314669,45,45,17,19.42420875358399,19.42420875358399,34.31559526246507, 51.913316, 51.913316, 46.589258
2391,2,3.9958125492631353,8,8,6,8.573285605894917,8.573285605894917,9.227122704421191, 40.539786, 40.539786, 33.201998
2392,2,2.518293675293002,11,11,8,14.369364571776977,14.369364571776977,16.698223597655986, 42.070595, 42.070595, 36.844573
2393,2,3.8330977899031993,5,5,4,3.838924050484003,3.838924050484003,4.141668840387204, 23.004413, 23.004413, 19.47406
2394,4,3.404999499470546,15,15,9,9.254560507941804,9.254560507941811,15.323382504765089, 60.329553, 60.329553, 45.968378
2395,2,1.6876325094235929,24,24,14,36.18084277383377,36.18084277383377,45.950052868069704, 76.684023, 76.684023, 69.576908
2396,4,2.9692611442423713,12,12,7,8.302833269091543,8.302833269091543,14.671029990303403, 43.933967, 43.933967, 35.455858
2397,4,3.082565489235723,8,8,4,1.5165220861142181,1.5165220861142181,3.5025330430571096, 26.177046, 26.177046, 15.832795
2398,4,4.322382322917914,7,7,4,2.0241657395746024,2.0241657395746024,4.018525708328344, 32.280842, 32.280842, 21.308055
2399,4,0.13586653598193887,60,60,34,46.30553184108366,46.30553184108366,49.209899776614094, 54.457524, 54.457524, 53.829362
2400,4,3.0331191900268797,33,33,17,28.072906729112958,28.072906729112987,49.682603769543064, 128.16584, 128.16584, 101.24563
2401,3,3.19268129363238,12,12,7,8.705829476411438,8.705829476411438,12.783472944573338, 47.018005, 47.018005, 35.132242
2402,4,4.605584816319396,4,4,4,2.1250127347224144,2.1250127347224144,2.1250127347224144, 20.547352, 20.547352, 20.547352
2403,3,0.04509072972347594,45,45,35,46.53745116244358,46.53745116244358,46.84769045967835, 48.566534, 48.566534, 48.425866
2405,4,2.259765036375723,13,13,7,7.097500527115599,7.097500527115599,12.374011745369938, 36.474446, 36.474446, 28.192367
2407,4,3.3048045420305634,8,8,5,3.2321586637554915,3.2321586637554915,4.554420289847183, 29.670595, 29.670595, 21.078443
2409,4,1.1041217455236862,56,56,20,21.74323825067357,21.74323825067357,55.59998008952629, 83.574056, 83.574056, 77.682415
